id,sun,moon,earth
1,81,18,45
2,71,20,86
3,74,10,31
4,24,26,60
5,24,40,30
6,28,50,68
7,89,43,47
8,6,92,43
9,36,55,67
10,70,49,35
11,28,36,98
12,80,6,90
13,33,96,80
14,15,33,22
15,13,97,47
16,43,78,59
17,63,37,95
18,68,53,61
19,49,60,56
20,1,37,80
21,91,15,2
22,65,21,10
23,85,99,38
24,96,65,39
25,0,84,19
26,45,69,10
27,43,87,5
28,64,4,32
29,46,35,37
30,81,95,30
31,67,46,29
32,9,56,53
33,98,30,60
34,8,60,77
35,6,98,74
36,74,50,29
37,95,90,62
38,44,35,40
39,98,71,63
40,99,8,43
41,91,28,67
42,50,50,3
43,63,5,40
44,84,99,47
45,35,38,83
46,1,58,85
47,55,18,26
48,75,99,69
49,50,43,67
50,4,20,87
51,76,20,72
52,2,96,71
53,69,32,55
54,78,24,89
55,74,3,94
56,59,16,1
57,57,85,55
58,17,24,69
59,72,54,53
60,4,60,91
61,73,94,53
62,84,60,47
63,57,44,49
64,14,22,70
65,83,8,91
66,32,89,47
67,69,3,11
68,46,99,57
69,87,65,64
70,26,40,23
71,94,1,26
72,25,49,68
73,94,69,63
74,8,50,26
75,82,32,16
76,84,71,5
77,11,39,65
78,10,52,33
79,10,50,20
80,50,90,3
81,46,20,61
82,46,47,0
83,57,84,53
84,11,98,59
85,0,23,15
86,8,96,54
87,83,55,26
88,64,45,33
89,32,59,0
90,26,27,58
91,11,80,69
92,4,16,66
93,83,19,47
94,76,40,72
95,39,82,94
96,24,37,15
97,65,80,7
98,92,43,39
99,66,14,72
100,19,80,44
101,81,73,24
102,0,28,41
103,23,93,96
104,0,15,76
105,34,45,21
106,71,94,56
107,99,28,42
108,29,18,3
109,63,7,45
110,6,97,65
111,34,77,83
112,85,76,26
113,1,29,43
114,29,17,98
115,38,99,80
116,3,74,63
117,93,77,8
118,7,14,49
119,2,64,14
120,81,62,67
121,51,54,19
122,33,10,49
123,18,43,60
124,71,76,68
125,11,54,35
126,13,63,76
127,92,33,89
128,47,67,94
129,71,75,62
130,85,38,37
131,70,39,88
132,23,53,93
133,10,69,16
134,74,22,87
135,72,97,71
136,64,6,38
137,74,55,54
138,5,66,14
139,72,18,77
140,29,16,95
141,24,39,21
142,89,82,43
143,68,14,67
144,91,56,9
145,77,60,67
146,57,83,47
147,86,89,88
148,72,96,63
149,30,63,24
150,33,93,66
151,54,69,86
152,21,48,80
153,55,38,22
154,98,23,24
155,48,71,13
156,49,9,98
157,62,18,4
158,66,21,4
159,59,83,41
160,54,48,79
161,50,15,26
162,85,45,74
163,32,42,12
164,34,36,78
165,84,86,80
166,41,64,97
167,93,74,94
168,48,59,51
169,78,39,62
170,92,77,7
171,7,12,39
172,61,90,67
173,66,28,42
174,26,6,53
175,45,66,99
176,95,81,18
177,49,92,12
178,83,82,60
179,53,89,84
180,56,26,65
181,48,46,84
182,82,58,47
183,61,65,40
184,7,16,61
185,55,91,93
186,92,83,36
187,35,67,28
188,41,20,80
189,40,59,77
190,6,2,93
191,59,18,13
192,13,23,79
193,27,97,6
194,38,72,49
195,26,86,51
196,98,38,97
197,73,73,47
198,16,38,44
199,7,1,86
200,27,76,3
201,85,17,31
202,3,22,1
203,41,1,81
204,5,84,3
205,64,11,65
206,91,59,25
207,50,72,11
208,42,74,48
209,17,41,55
210,51,92,7
211,58,70,75
212,67,9,47
213,7,97,61
214,18,5,71
215,41,93,41
216,26,10,73
217,34,52,58
218,35,3,9
219,38,64,5
220,33,53,65
221,66,38,89
222,33,97,88
223,51,88,90
224,84,52,10
225,92,33,90
226,50,79,46
227,95,36,96
228,72,72,44
229,7,4,97
230,74,79,73
231,31,36,89
232,34,7,32
233,40,5,7
234,18,71,1
235,93,64,41
236,14,46,88
237,3,53,55
238,18,24,66
239,61,7,54
240,46,70,11
241,48,8,95
242,51,72,5
243,12,47,96
244,42,21,78
245,28,8,56
246,58,23,38
247,24,8,67
248,11,56,49
249,75,29,22
250,23,48,71
251,11,45,91
252,23,39,29
253,28,55,91
254,90,77,16
255,48,95,32
256,73,71,38
257,77,69,17
258,77,37,52
259,52,5,66
260,19,97,29
261,52,74,13
262,45,85,92
263,6,56,61
264,37,4,7
265,26,10,72
266,28,28,54
267,86,68,82
268,8,94,48
269,58,48,63
270,74,81,82
271,70,4,10
272,38,61,93
273,82,33,19
274,94,15,93
275,22,32,93
276,71,74,59
277,72,84,3
278,64,12,70
279,14,62,66
280,46,30,15
281,86,87,74
282,11,34,39
283,92,45,48
284,7,92,38
285,16,64,73
286,74,51,36
287,26,21,31
288,89,54,2
289,49,38,47
290,18,51,1
291,55,70,88
292,29,80,14
293,31,14,79
294,52,24,64
295,49,53,18
296,34,14,69
297,4,15,60
298,58,12,85
299,89,89,80
300,35,33,62
301,12,73,28
302,24,35,5
303,19,81,46
304,91,17,12
305,11,20,65
306,65,29,54
307,84,57,33
308,95,79,7
309,99,74,75
310,54,44,59
311,64,43,22
312,85,56,28
313,72,78,72
314,27,20,21
315,44,57,52
316,92,4,44
317,10,17,57
318,32,92,65
319,46,39,57
320,68,71,52
321,46,73,30
322,33,72,64
323,4,30,39
324,2,96,75
325,88,13,4
326,82,99,50
327,51,8,88
328,15,10,7
329,4,98,82
330,15,31,8
331,48,17,43
332,63,86,42
333,51,31,3
334,21,99,30
335,56,88,73
336,1,87,31
337,96,86,41
338,50,27,86
339,48,84,75
340,22,88,75
341,9,21,80
342,36,42,1
343,79,93,27
344,59,13,90
345,10,81,77
346,43,82,83
347,71,6,19
348,74,15,52
349,18,35,21
350,1,44,15
351,46,85,86
352,78,32,28
353,42,26,6
354,53,47,75
355,34,45,26
356,96,2,23
357,7,69,26
358,20,24,59
359,27,55,95
360,11,72,26
361,13,90,10
362,82,79,49
363,8,93,42
364,32,35,81
365,98,47,43
366,73,36,60
367,96,0,12
368,62,75,89
369,19,28,85
370,39,42,93
371,40,22,90
372,83,48,89
373,4,52,48
374,85,82,57
375,40,26,13
376,88,2,45
377,18,57,31
378,84,29,94
379,81,26,88
380,60,40,17
381,69,91,51
382,81,53,23
383,54,3,55
384,63,54,81
385,43,74,41
386,82,89,99
387,29,50,60
388,52,82,54
389,25,64,44
390,30,18,98
391,40,5,4
392,6,18,72
393,8,24,98
394,18,96,26
395,43,39,64
396,3,26,21
397,28,77,2
398,78,85,93
399,10,70,22
400,0,36,81
401,98,46,35
402,39,90,33
403,96,80,15
404,36,33,59
405,96,4,32
406,47,42,69
407,19,87,81
408,42,70,22
409,0,34,70
410,48,32,15
411,79,52,22
412,55,12,92
413,25,50,74
414,20,80,41
415,63,95,86
416,46,73,29
417,23,31,88
418,44,57,53
419,97,25,34
420,96,80,10
421,12,31,17
422,94,18,9
423,92,33,90
424,52,91,0
425,27,34,91
426,55,99,32
427,64,25,32
428,84,28,86
429,46,73,28
430,21,23,51
431,88,86,66
432,73,69,27
433,29,61,22
434,27,69,63
435,9,57,59
436,24,42,40
437,73,45,5
438,94,52,81
439,49,2,65
440,20,4,62
441,99,10,54
442,38,31,42
443,15,49,2
444,65,17,90
445,99,28,44
446,37,54,58
447,31,79,1
448,70,49,33
449,18,94,14
450,87,97,24
451,30,78,1
452,72,59,78
453,13,33,27
454,36,98,82
455,17,41,55
456,52,94,14
457,89,3,47
458,29,4,34
459,57,83,43
460,69,18,80
461,50,9,95
462,49,61,57
463,3,46,21
464,69,82,3
465,71,43,6
466,98,76,84
467,95,22,27
468,68,58,89
469,71,89,32
470,91,63,40
471,14,51,11
472,2,79,89
473,10,81,78
474,48,7,89
475,25,58,17
476,9,96,53
477,79,37,48
478,30,7,47
479,12,22,74
480,4,97,75
481,85,0,44
482,20,68,80
483,96,42,23
484,89,76,14
485,44,78,57
486,52,89,90
487,83,44,71
488,27,20,20
489,39,38,73
490,50,31,6
491,37,69,33
492,61,5,43
493,2,81,0
494,57,87,64
495,60,6,53
496,46,72,20
497,88,78,29
498,11,68,8
499,36,55,71
500,88,28,75
501,94,44,37
502,56,69,79
503,85,92,4
504,45,13,32
505,21,9,83
506,87,89,81
507,42,67,7
508,35,57,80
509,29,5,37
510,74,57,62
511,42,26,2
512,32,57,90
513,76,13,37
514,48,27,94
515,88,61,39
516,13,51,13
517,14,31,12
518,69,11,46
519,0,61,8
520,55,52,94
521,16,98,42
522,17,58,40
523,28,20,15
524,14,29,0
525,16,78,43
526,83,88,89
527,80,35,36
528,77,77,53
529,37,26,21
530,24,59,24
531,42,39,70
532,35,64,16
533,87,90,89
534,75,8,14
535,49,4,74
536,57,64,48
537,48,98,47
538,39,57,67
539,63,16,90
540,3,47,27
541,92,80,26
542,89,70,81
543,98,47,40
544,62,89,62
545,40,15,58
546,42,39,68
547,26,25,47
548,63,72,71
549,41,92,37
550,12,46,96
551,41,20,75
552,17,58,42
553,35,50,46
554,81,69,99
555,90,51,89
556,92,93,88
557,65,58,96
558,5,39,81
559,90,7,64
560,0,7,38
561,67,22,11
562,88,8,78
563,65,94,73
564,82,95,29
565,59,9,68
566,16,73,19
567,77,30,16
568,92,13,91
569,13,95,38
570,3,3,5
571,18,74,18
572,67,82,8
573,96,57,96
574,11,67,3
575,16,70,2
576,3,7,26
577,9,67,9
578,47,5,87
579,19,37,27
580,24,39,24
581,5,54,53
582,6,68,26
583,25,46,56
584,41,38,70
585,36,70,44
586,8,9,20
587,74,10,30
588,19,7,80
589,77,48,10
590,4,92,46
591,57,45,55
592,42,43,90
593,21,35,12
594,58,55,2
595,44,17,51
596,5,72,46
597,16,40,54
598,49,84,74
599,19,73,7
600,16,60,55
601,92,98,14
602,77,42,81
603,80,58,49
604,73,16,63
605,67,48,40
606,57,64,48
607,52,13,13
608,24,82,38
609,46,16,44
610,70,21,94
611,7,54,48
612,78,46,99
613,56,84,53
614,14,13,20
615,65,64,26
616,37,8,28
617,16,99,48
618,41,61,82
619,30,1,19
620,91,0,28
621,41,22,85
622,61,50,66
623,80,5,86
624,14,12,18
625,54,17,24
626,68,68,37
627,80,92,20
628,26,71,76
629,70,20,92
630,0,25,25
631,51,80,48
632,2,65,20
633,5,66,13
634,71,15,64
635,75,82,86
636,85,67,80
637,1,67,30
638,49,56,32
639,94,75,93
640,41,27,12
641,81,69,0
642,96,82,20
643,54,11,93
644,33,87,35
645,16,77,36
646,48,33,22
647,12,94,33
648,83,20,48
649,84,75,22
650,85,59,40
651,25,5,51
652,39,42,94
653,45,42,75
654,50,25,78
655,14,36,41
656,96,57,0
657,27,35,96
658,73,81,83
659,74,23,91
660,87,61,45
661,42,76,55
662,47,70,12
663,48,6,88
664,20,36,20
665,92,4,41
666,94,50,67
667,86,28,84
668,37,34,61
669,0,20,99
670,37,90,36
671,13,56,43
672,47,4,82
673,99,48,44
674,76,50,21
675,58,25,51
676,81,55,29
677,82,21,63
678,51,66,77
679,87,6,69
680,27,28,62
681,25,37,14
682,60,57,6
683,59,79,17
684,48,90,5
685,55,60,35
686,98,84,27
687,83,35,28
688,36,97,76
689,88,14,7
690,94,47,56
691,41,35,52
692,55,20,37
693,23,5,59
694,77,10,19
695,68,81,2
696,68,36,74
697,64,98,97
698,94,80,19
699,54,13,3
700,77,76,49
701,19,50,92
702,12,82,76
703,33,39,96
704,62,23,31
705,87,42,48
706,17,40,49
707,26,85,45
708,70,18,78
709,36,49,37
710,39,85,7
711,83,93,17
712,4,73,52
713,40,46,10
714,11,27,2
715,28,34,89
716,44,55,40
717,36,62,0
718,16,78,45
719,91,19,22
720,53,2,51
721,51,1,54
722,66,71,56
723,67,66,31
724,57,93,92
725,85,47,80
726,60,61,26
727,49,66,84
728,24,68,66
729,30,50,63
730,62,25,36
731,9,35,48
732,36,36,75
733,66,6,32
734,42,13,40
735,62,92,72
736,88,21,42
737,48,13,21
738,68,79,89
739,8,72,40
740,83,94,22
741,29,78,3
742,81,0,54
743,73,3,97
744,75,85,99
745,43,17,56
746,29,79,9
747,7,7,16
748,60,53,84
749,60,50,71
750,3,4,11
751,45,93,28
752,62,25,42
753,37,57,76
754,8,12,35
755,43,8,13
756,39,59,76
757,6,3,95
758,66,46,33
759,27,35,95
760,69,61,1
761,21,1,43
762,14,41,62
763,88,54,9
764,80,76,38
765,65,10,55
766,47,69,6
767,22,95,9
768,60,73,87
769,18,27,80
770,22,68,75
771,70,28,32
772,73,73,45
773,5,93,50
774,70,2,0
775,94,70,70
776,39,85,7
777,84,98,40
778,5,4,7
779,25,3,41
780,97,62,21
781,18,26,79
782,15,41,61
783,82,26,87
784,55,16,14
785,24,79,23
786,79,25,87
787,63,53,77
788,27,3,37
789,76,68,13
790,60,62,32
791,75,78,65
792,92,65,50
793,57,34,98
794,90,56,13
795,94,32,80
796,6,88,25
797,61,31,70
798,59,85,50
799,96,28,54
800,85,63,62
801,20,15,16
802,33,20,3
803,53,56,21
804,37,24,7
805,65,5,28
806,29,58,6
807,54,54,7
808,73,43,0
809,70,49,35
810,29,41,16
811,61,56,97
812,20,6,73
813,48,19,53
814,9,88,12
815,96,46,40
816,64,2,15
817,72,15,58
818,48,66,85
819,27,80,21
820,67,71,55
821,62,44,34
822,41,1,84
823,17,34,18
824,89,92,92
825,83,43,64
826,92,68,66
827,27,38,7
828,24,99,22
829,15,11,8
830,7,12,42
831,72,33,53
832,65,64,29
833,53,80,39
834,54,56,19
835,28,84,36
836,28,32,78
837,96,44,35
838,42,5,2
839,94,63,35
840,87,28,83
841,29,98,3
842,21,97,23
843,23,49,74
844,24,97,17
845,91,7,60
846,81,26,89
847,66,63,18
848,3,61,95
849,92,76,6
850,2,91,50
851,78,42,75
852,52,32,6
853,33,50,50
854,99,48,44
855,77,54,37
856,26,17,10
857,96,54,82
858,50,2,63
859,9,58,63
860,39,10,31
861,28,45,44
862,84,89,92
863,97,6,40
864,84,98,39
865,1,90,46
866,61,69,61
867,98,7,44
868,97,55,83
869,53,17,24
870,71,85,12
871,5,90,35
872,7,29,26
873,43,39,65
874,7,41,84
875,98,37,94
876,58,8,68
877,18,85,71
878,1,92,56
879,6,60,86
880,50,91,4
881,49,35,27
882,31,74,76
883,58,65,50
884,56,30,81
885,18,47,83
886,72,11,38
887,61,92,75
888,2,86,24
889,64,46,41
890,66,6,33
891,46,32,24
892,24,49,74
893,23,92,93
894,90,70,82
895,1,60,96
896,1,19,90
897,95,6,44
898,3,84,11
899,3,84,9
900,94,43,35
901,47,32,17
902,90,98,22
903,15,8,99
904,69,49,39
905,49,28,94
906,85,46,74
907,32,39,99
908,79,99,57
909,87,67,74
910,69,22,5
911,60,83,38
912,42,96,54
913,81,43,73
914,38,73,50
915,30,0,11
916,56,49,75
917,30,25,34
918,95,75,92
919,35,99,91
920,56,10,81
921,76,38,63
922,3,24,13
923,91,20,26
924,70,71,49
925,31,7,43
926,96,51,69
927,92,53,89
928,87,70,86
929,24,62,40
930,13,44,84
931,87,85,63
932,63,23,29
933,74,84,1
934,52,58,34
935,98,89,52
936,92,5,50
937,36,29,37
938,98,82,17
939,40,50,30
940,99,5,30
941,37,93,55
942,95,13,78
943,52,25,72
944,83,0,53
945,63,57,96
946,8,56,54
947,5,60,88
948,59,33,87
949,37,26,18
950,13,12,20
951,64,62,19
952,10,94,41
953,23,93,95
954,97,99,7
955,36,63,4
956,31,47,39
957,55,59,30
958,72,73,48
959,23,71,86
960,17,27,86
961,51,96,26
962,41,31,32
963,69,48,35
964,29,43,28
965,12,77,48
966,12,15,41
967,60,75,98
968,63,24,30
969,79,7,98
970,70,57,74
971,2,86,23
972,60,30,72
973,72,42,94
974,45,46,93
975,27,58,7
976,65,3,20
977,94,9,62
978,85,41,49
979,24,71,84
980,9,91,29
981,74,84,98
982,36,89,37
983,20,88,80
984,38,49,34
985,21,5,61
986,93,81,28
987,95,94,85
988,43,62,81
989,19,52,4
990,64,9,54
991,45,62,74
992,84,99,44
993,24,89,71
994,92,45,50
995,15,28,94
996,87,54,10
997,86,2,51
998,52,8,82
999,86,86,71
1000,97,73,73
1001,47,18,47
1002,82,69,2
1003,1,0,98
1004,92,66,56
1005,82,40,56
1006,61,37,4
1007,7,24,99
1008,25,28,64
1009,39,1,91
1010,50,79,44
1011,84,91,1
1012,32,59,98
1013,15,81,62
1014,68,51,55
1015,22,45,61
1016,72,74,55
1017,52,98,32
1018,69,48,32
1019,17,92,7
1020,60,79,18
1021,51,4,68
1022,26,26,55
1023,96,15,86
1024,87,78,27
1025,3,35,68
1026,34,69,40
1027,96,62,20
1028,14,10,11
1029,25,92,86
1030,52,6,71
1031,40,86,12
1032,2,74,64
1033,99,3,18
1034,83,59,50
1035,71,5,15
1036,59,52,81
1037,51,12,10
1038,11,28,8
1039,57,63,41
1040,18,66,75
1041,80,76,41
1042,78,69,8
1043,36,56,74
1044,1,83,11
1045,10,14,43
1046,73,37,64
1047,13,71,19
1048,80,45,84
1049,86,79,36
1050,43,8,10
1051,28,12,76
1052,43,90,21
1053,35,14,63
1054,73,76,63
1055,86,42,53
1056,38,31,44
1057,28,8,56
1058,56,14,3
1059,74,62,86
1060,45,69,10
1061,45,94,36
1062,97,80,9
1063,4,95,61
1064,23,30,84
1065,30,0,9
1066,44,94,38
1067,8,25,5
1068,50,33,18
1069,91,0,27
1070,38,6,20
1071,80,39,58
1072,75,0,74
1073,70,28,31
1074,72,69,26
1075,26,54,91
1076,92,90,74
1077,98,71,59
1078,83,38,42
1079,98,64,25
1080,33,92,59
1081,22,33,99
1082,97,89,56
1083,12,93,30
1084,69,58,81
1085,34,25,25
1086,50,76,30
1087,23,27,66
1088,47,39,56
1089,63,45,40
1090,64,2,18
1091,85,72,5
1092,11,40,66
1093,12,64,82
1094,19,48,84
1095,76,30,22
1096,20,35,14
1097,68,97,81
1098,16,35,28
1099,36,95,69
1100,61,97,4
1101,30,36,91
1102,46,58,55
1103,1,41,3
1104,92,50,75
1105,27,10,71
1106,26,15,98
1107,46,35,40
1108,95,56,94
1109,3,32,54
1110,72,99,79
1111,99,60,2
1112,29,42,25
1113,96,8,52
1114,38,31,44
1115,29,11,69
1116,12,54,33
1117,6,29,28
1118,53,83,56
1119,31,87,42
1120,50,24,72
1121,87,22,48
1122,75,31,32
1123,65,29,50
1124,63,65,36
1125,85,18,35
1126,23,8,74
1127,46,9,6
1128,6,11,39
1129,63,98,3
1130,18,84,64
1131,72,66,13
1132,70,10,41
1133,74,48,18
1134,46,78,53
1135,32,2,13
1136,58,52,87
1137,80,40,62
1138,88,56,14
1139,4,78,78
1140,57,52,88
1141,86,67,78
1142,91,18,18
1143,37,32,47
1144,42,69,18
1145,86,75,16
1146,58,44,43
1147,85,95,22
1148,26,66,50
1149,51,9,92
1150,32,87,37
1151,25,15,0
1152,55,74,9
1153,22,84,53
1154,13,6,94
1155,54,85,64
1156,68,46,29
1157,5,39,79
1158,79,57,51
1159,85,73,8
1160,21,81,43
1161,72,31,38
1162,0,88,37
1163,25,13,89
1164,9,77,60
1165,70,71,43
1166,3,89,34
1167,6,26,14
1168,94,25,46
1169,56,40,33
1170,48,39,50
1171,36,31,45
1172,34,35,74
1173,65,5,31
1174,38,99,80
1175,4,79,86
1176,93,7,55
1177,57,18,20
1178,47,75,33
1179,42,11,31
1180,20,11,92
1181,28,66,47
1182,36,40,94
1183,51,75,19
1184,70,94,62
1185,30,61,18
1186,5,75,58
1187,66,56,85
1188,56,26,60
1189,24,41,35
1190,50,48,89
1191,3,47,28
1192,0,17,87
1193,81,46,89
1194,6,63,97
1195,99,2,14
1196,66,87,39
1197,34,55,72
1198,98,72,66
1199,17,85,77
1200,30,21,13
1201,2,74,63
1202,92,72,83
1203,2,61,98
1204,7,42,89
1205,19,30,95
1206,82,28,94
1207,85,46,75
1208,39,67,21
1209,3,52,54
1210,13,2,71
1211,50,38,40
1212,86,13,7
1213,94,51,73
1214,12,43,79
1215,66,94,73
1216,84,99,46
1217,32,22,17
1218,17,36,30
1219,41,16,59
1220,45,48,6
1221,85,8,86
1222,5,70,33
1223,59,93,89
1224,69,76,74
1225,45,0,67
1226,34,69,46
1227,21,69,82
1228,4,75,64
1229,96,88,51
1230,94,15,96
1231,34,85,21
1232,51,93,14
1233,92,16,6
1234,84,0,49
1235,44,75,43
1236,92,31,77
1237,95,43,33
1238,34,72,58
1239,74,95,56
1240,94,1,25
1241,22,37,18
1242,78,38,55
1243,64,54,78
1244,31,20,8
1245,79,70,16
1246,72,10,37
1247,52,52,2
1248,56,76,11
1249,26,98,11
1250,63,83,26
1251,80,26,87
1252,58,28,68
1253,55,71,90
1254,39,25,11
1255,78,56,50
1256,81,57,43
1257,44,92,30
1258,72,72,46
1259,12,23,79
1260,27,0,19
1261,95,20,13
1262,6,94,50
1263,67,88,37
1264,23,6,60
1265,85,42,58
1266,64,46,38
1267,54,54,11
1268,94,36,98
1269,82,16,35
1270,28,36,94
1271,66,45,30
1272,15,87,88
1273,80,35,35
1274,74,62,91
1275,69,72,53
1276,52,0,43
1277,17,56,29
1278,79,10,11
1279,27,1,24
1280,20,26,71
1281,79,82,73
1282,20,81,44
1283,78,60,67
1284,56,78,24
1285,84,51,2
1286,57,80,31
1287,13,72,22
1288,94,4,39
1289,86,11,99
1290,62,13,82
1291,68,96,74
1292,85,5,68
1293,25,24,44
1294,47,4,78
1295,82,74,23
1296,96,13,75
1297,37,61,92
1298,81,29,2
1299,24,12,92
1300,24,42,39
1301,69,30,44
1302,29,15,89
1303,1,37,85
1304,13,10,11
1305,26,97,8
1306,47,15,32
1307,16,86,83
1308,55,28,76
1309,95,47,50
1310,11,6,96
1311,62,25,40
1312,24,0,28
1313,40,15,59
1314,49,67,88
1315,43,48,12
1316,17,50,1
1317,52,60,45
1318,47,97,47
1319,43,77,54
1320,40,39,74
1321,55,51,92
1322,9,67,10
1323,51,24,67
1324,62,13,78
1325,49,15,29
1326,98,6,36
1327,62,4,34
1328,58,86,60
1329,43,32,34
1330,75,71,32
1331,48,42,69
1332,19,88,83
1333,52,10,94
1334,43,33,35
1335,79,90,12
1336,90,15,4
1337,78,77,54
1338,38,28,27
1339,50,71,4
1340,6,22,91
1341,88,70,85
1342,16,23,71
1343,85,14,16
1344,35,31,49
1345,52,12,6
1346,95,57,99
1347,26,34,90
1348,51,85,72
1349,7,17,65
1350,77,87,6
1351,71,37,70
1352,41,95,53
1353,81,45,85
1354,89,92,91
1355,79,22,74
1356,4,0,89
1357,44,55,42
1358,48,13,20
1359,61,47,51
1360,14,17,43
1361,66,0,2
1362,13,61,63
1363,33,75,79
1364,71,19,81
1365,48,99,53
1366,67,75,75
1367,50,27,86
1368,49,89,99
1369,26,34,94
1370,67,54,71
1371,95,59,11
1372,79,64,84
1373,29,94,84
1374,37,36,66
1375,25,29,67
1376,51,53,14
1377,12,16,45
1378,79,58,56
1379,4,54,60
1380,38,10,35
1381,46,25,89
1382,70,81,98
1383,48,48,94
1384,27,52,81
1385,47,95,34
1386,87,34,7
1387,35,52,58
1388,34,95,76
1389,95,46,46
1390,94,33,80
1391,5,86,14
1392,12,20,65
1393,65,28,49
1394,60,54,91
1395,94,98,9
1396,52,34,14
1397,67,94,70
1398,69,37,76
1399,71,27,22
1400,31,87,42
1401,50,24,71
1402,83,2,64
1403,12,70,14
1404,59,55,99
1405,30,53,75
1406,19,69,89
1407,40,33,44
1408,24,87,65
1409,62,16,94
1410,25,42,35
1411,51,50,99
1412,44,23,85
1413,57,28,71
1414,73,53,44
1415,64,87,45
1416,65,90,54
1417,99,37,86
1418,22,53,98
1419,30,60,7
1420,58,67,63
1421,15,87,88
1422,80,36,42
1423,1,81,2
1424,69,37,78
1425,81,72,18
1426,74,16,57
1427,38,18,79
1428,40,63,96
1429,92,73,89
1430,28,72,76
1431,66,2,11
1432,52,26,75
1433,97,59,5
1434,48,27,89
1435,68,72,56
1436,65,57,91
1437,85,50,97
1438,36,88,32
1439,96,84,33
1440,16,79,46
1441,96,43,27
1442,6,49,26
1443,86,51,0
1444,46,31,17
1445,93,15,95
1446,30,67,44
1447,21,74,6
1448,10,33,37
1449,84,10,98
1450,60,8,60
1451,77,6,98
1452,75,80,77
1453,44,90,17
1454,18,36,30
1455,39,9,25
1456,0,26,32
1457,81,11,13
1458,31,16,89
1459,98,25,28
1460,68,54,68
1461,79,89,12
1462,90,18,17
1463,34,18,90
1464,96,8,56
1465,54,4,60
1466,85,48,85
1467,80,47,95
1468,35,91,50
1469,79,46,92
1470,25,47,63
1471,72,72,44
1472,4,91,41
1473,34,48,36
1474,38,82,96
1475,36,91,47
1476,62,72,75
1477,60,76,1
1478,76,79,66
1479,94,74,89
1480,23,46,64
1481,82,17,41
1482,56,56,11
1483,89,12,92
1484,25,50,74
1485,21,85,62
1486,53,83,55
1487,28,73,81
1488,89,1,38
1489,89,31,89
1490,54,2,47
1491,29,6,43
1492,98,63,19
1493,7,77,67
1494,4,20,88
1495,79,33,29
1496,48,51,10
1497,0,72,58
1498,75,1,80
1499,99,56,81
1500,41,60,78
1501,10,18,59
1502,41,31,33
1503,69,49,40
1504,52,39,43
1505,95,50,63
1506,64,34,76
1507,79,68,3
1508,11,47,1
1509,67,34,66
1510,31,56,89
1511,77,17,55
1512,23,52,90
1513,97,16,88
1514,94,5,45
1515,9,9,19
1516,71,98,78
1517,97,53,72
1518,1,89,41
1519,42,85,1
1520,51,54,16
1521,17,38,40
1522,87,16,20
1523,52,99,40
1524,2,93,58
1525,11,82,79
1526,46,97,46
1527,40,63,93
1528,78,13,31
1529,15,82,65
1530,79,0,67
1531,32,60,5
1532,47,19,54
1533,14,7,96
1534,57,0,30
1535,50,60,52
1536,79,39,60
1537,85,43,61
1538,77,2,78
1539,86,98,33
1540,70,54,57
1541,25,55,0
1542,37,85,14
1543,14,29,3
1544,31,43,26
1545,0,23,16
1546,11,9,11
1547,30,16,90
1548,5,54,55
1549,13,99,59
1550,96,5,38
1551,74,56,57
1552,21,33,3
1553,17,78,38
1554,55,61,40
1555,18,69,94
1556,63,33,75
1557,78,67,0
1558,1,5,23
1559,0,32,59
1560,0,25,23
1561,43,46,0
1562,65,23,20
1563,33,4,21
1564,96,16,94
1565,23,31,89
1566,53,98,29
1567,54,84,56
1568,29,76,95
1569,48,57,39
1570,26,13,87
1571,98,29,50
1572,63,68,50
1573,47,84,79
1574,43,81,77
1575,43,83,86
1576,81,48,0
1577,54,69,86
1578,24,60,32
1579,78,94,36
1580,98,81,15
1581,31,13,70
1582,12,52,22
1583,58,21,34
1584,5,26,13
1585,90,9,76
1586,54,43,52
1587,32,5,31
1588,40,9,24
1589,95,4,34
1590,60,98,10
1591,58,59,24
1592,42,40,72
1593,42,93,41
1594,26,10,69
1595,16,72,15
1596,59,51,77
1597,34,38,91
1598,39,25,8
1599,66,6,33
1600,46,32,22
1601,14,4,80
1602,89,5,57
1603,71,85,12
1604,5,88,28
1605,76,96,51
1606,68,88,35
1607,14,64,77
1608,95,45,40
1609,66,10,51
1610,29,89,59
1611,29,70,63
1612,6,39,81
1613,85,85,70
1614,95,65,41
1615,11,33,31
1616,59,2,34
1617,62,11,68
1618,7,33,46
1619,28,6,43
1620,0,69,48
1621,32,19,97
1622,28,52,76
1623,25,97,12
1624,67,2,8
1625,36,57,76
1626,10,22,80
1627,34,32,60
1628,3,36,72
1629,53,51,93
1630,15,97,38
1631,1,90,46
1632,64,82,20
1633,51,97,33
1634,74,74,45
1635,4,87,24
1636,57,17,12
1637,8,7,9
1638,27,10,66
1639,1,8,36
1640,59,86,52
1641,5,68,26
1642,26,54,92
1643,99,19,1
1644,45,23,82
1645,41,58,70
1646,76,68,15
1647,69,0,96
1648,79,7,1
1649,83,11,8
1650,9,18,67
1651,78,92,27
1652,60,17,7
1653,86,10,90
1654,21,36,18
1655,83,62,62
1656,23,31,84
1657,29,95,89
1658,58,24,48
1659,67,91,57
1660,11,86,97
1661,27,45,42
1662,78,62,77
1663,0,71,55
1664,61,43,31
1665,26,37,9
1666,33,41,4
1667,97,76,88
1668,12,97,50
1669,60,49,68
1670,93,61,25
1671,41,34,48
1672,36,39,85
1673,10,97,55
1674,84,55,23
1675,50,81,57
1676,41,36,58
1677,80,29,3
1678,29,38,1
1679,94,65,44
1680,28,6,46
1681,11,21,70
1682,90,38,23
1683,2,38,88
1684,25,60,28
1685,59,10,74
1686,43,91,28
1687,67,52,61
1688,48,58,48
1689,67,90,51
1690,83,65,75
1691,82,85,81
1692,48,0,55
1693,76,15,49
1694,99,50,52
1695,10,94,40
1696,19,75,21
1697,80,36,39
1698,89,28,74
1699,88,19,32
1700,3,21,93
1701,5,44,6
1702,98,74,77
1703,64,88,49
1704,81,58,50
1705,74,20,80
1706,42,69,19
1707,91,96,6
1708,45,6,94
1709,56,95,9
1710,59,70,72
1711,50,35,27
1712,28,61,21
1713,24,57,15
1714,4,74,61
1715,80,20,60
1716,42,28,13
1717,85,85,69
1718,90,44,51
1719,22,57,21
1720,35,13,61
1721,67,51,53
1722,15,15,29
1723,2,25,18
1724,16,25,78
1725,17,52,10
1726,95,45,39
1727,60,84,43
1728,61,76,99
1729,68,41,4
1730,97,73,73
1731,48,20,55
1732,19,28,83
1733,33,18,91
1734,1,31,52
1735,67,81,4
1736,77,73,33
1737,48,43,71
1738,28,26,46
1739,55,36,14
1740,63,75,87
1741,11,93,33
1742,88,39,32
1743,42,16,53
1744,20,40,39
1745,75,61,79
1746,12,23,82
1747,41,60,79
1748,13,30,9
1749,59,66,55
1750,75,12,37
1751,46,23,77
1752,15,46,86
1753,91,98,18
1754,97,33,73
1755,67,17,84
1756,70,99,83
1757,21,58,24
1758,47,66,86
1759,36,21,98
1760,25,34,95
1761,74,84,0
1762,50,49,96
1763,32,72,66
1764,16,82,62
1765,64,33,74
1766,74,46,9
1767,8,14,47
1768,92,22,32
1769,96,84,32
1770,8,45,3
1771,78,84,87
1772,81,46,87
1773,96,22,21
1774,38,28,26
1775,48,60,58
1776,9,74,41
1777,86,8,82
1778,84,76,31
1779,24,27,66
1780,49,49,95
1781,31,72,65
1782,9,52,31
1783,2,17,78
1784,38,59,83
1785,36,32,52
1786,67,78,91
1787,20,29,87
1788,45,66,95
1789,78,5,90
1790,38,20,87
1791,75,15,50
1792,8,88,16
1793,16,34,21
1794,4,57,74
1795,0,80,98
1796,51,63,64
1797,28,50,66
1798,79,1,66
1799,26,36,2
1800,0,95,75
1801,93,41,23
1802,96,8,55
1803,53,98,33
1804,70,51,46
1805,78,50,19
1806,44,64,88
1807,48,76,39
1808,64,6,39
1809,75,60,75
1810,95,49,61
1811,61,22,27
1812,67,58,87
1813,63,55,86
1814,66,72,61
1815,91,72,90
1816,32,89,52
1817,92,4,43
1818,7,4,98
1819,82,16,33
1820,19,97,29
1821,52,75,18
1822,68,86,26
1823,74,90,30
1824,80,13,23
1825,76,13,37
1826,45,16,45
1827,77,49,15
1828,30,7,42
1829,92,32,85
1830,28,88,56
1831,15,10,3
1832,87,24,62
1833,36,95,70
1834,65,14,77
1835,41,76,58
1836,63,41,18
1837,68,87,29
1838,84,34,18
1839,89,91,88
1840,69,83,6
1841,83,98,39
1842,2,94,65
1843,45,30,15
1844,86,86,70
1845,93,58,9
1846,72,34,54
1847,68,80,96
1848,39,10,31
1849,26,38,11
1850,45,89,11
1851,91,21,33
1852,2,13,58
1853,53,90,91
1854,86,57,30
1855,78,2,76
1856,72,35,61
1857,97,5,33
1858,52,61,48
1859,58,47,61
1860,66,47,36
1861,40,92,40
1862,24,3,43
1863,8,8,19
1864,72,3,97
1865,79,6,92
1866,42,36,53
1867,57,25,57
1868,12,86,96
1869,21,20,37
1870,23,6,62
1871,91,71,81
1872,95,31,72
1873,68,25,21
1874,31,94,75
1875,95,50,67
1876,84,21,54
1877,5,66,13
1878,68,4,14
1879,60,56,3
1880,47,25,87
1881,58,30,79
1882,3,79,89
1883,5,60,84
1884,42,60,73
1885,85,8,83
1886,95,24,37
1887,11,47,4
1888,77,74,40
1889,80,79,55
1890,40,35,57
1891,81,35,31
1892,49,55,28
1893,74,89,23
1894,50,79,47
1895,99,55,78
1896,25,91,80
1897,29,7,45
1898,7,2,86
1899,27,78,7
1900,3,96,68
1901,55,69,83
1902,8,93,40
1903,21,87,73
1904,3,99,85
1905,27,82,30
1906,2,21,2
1907,47,28,0
1908,17,86,79
1909,38,51,45
1910,71,21,92
1911,96,5,39
1912,79,80,61
1913,65,46,32
1914,25,30,73
1915,75,58,65
1916,50,57,35
1917,3,13,57
1918,48,66,87
1919,37,25,15
1920,1,59,91
1921,82,35,29
1922,43,29,15
1923,89,99,30
1924,55,84,57
1925,32,91,60
1926,27,53,88
1927,79,31,19
1928,3,56,75
1929,5,0,84
1930,24,68,68
1931,37,82,99
1932,48,43,71
1933,26,17,9
1934,96,53,78
1935,32,27,38
1936,9,33,39
1937,95,58,6
1938,58,70,79
1939,84,84,68
1940,90,45,58
1941,54,95,13
1942,81,65,84
1943,26,76,5
1944,97,69,55
1945,68,78,84
1946,86,79,38
1947,54,58,27
1948,60,22,31
1949,90,56,10
1950,83,86,81
1951,49,1,59
1952,93,88,63
1953,49,55,32
1954,95,80,16
1955,38,44,7
1956,1,87,31
1957,95,80,19
1958,55,16,17
1959,39,43,1
1960,74,70,27
1961,27,52,80
1962,43,78,59
1963,64,41,14
1964,50,7,85
1965,4,67,22
1966,9,82,81
1967,60,59,15
1968,97,42,18
1969,66,77,88
1970,8,77,60
1971,70,72,49
1972,28,95,89
1973,64,52,69
1974,87,31,94
1975,78,7,4
1976,98,79,0
1977,64,22,16
1978,15,30,3
1979,28,32,75
1980,79,72,23
1981,1,37,83
1982,2,64,12
1983,69,8,36
1984,56,74,0
1985,79,96,45
1986,38,52,49
1987,89,98,25
1988,29,72,74
1989,54,47,75
1990,35,52,52
1991,7,78,70
1992,17,74,21
1993,83,54,22
1994,48,76,34
1995,44,18,60
1996,46,48,6
1997,83,99,47
1998,37,45,13
1999,34,28,41
2000,21,80,41
2001,64,0,5
2002,28,23,32
2003,93,68,62
2004,7,50,28
2005,92,77,11
2006,21,75,11
2007,31,21,15
2008,11,11,24
2009,86,61,44
2010,41,71,34
2011,56,77,19
2012,65,68,45
2013,21,70,86
2014,23,58,19
2015,23,60,29
2016,64,37,90
2017,43,44,93
2018,31,79,2
2019,73,59,79
2020,17,47,87
2021,94,8,57
2022,65,51,63
2023,60,13,87
2024,97,24,29
2025,75,87,10
2026,92,29,72
2027,70,38,78
2028,76,47,6
2029,91,38,16
2030,68,91,52
2031,87,81,45
2032,81,73,21
2033,86,70,89
2034,36,16,71
2035,7,22,91
2036,88,67,72
2037,60,84,41
2038,52,38,36
2039,67,26,31
2040,78,98,55
2041,81,42,67
2042,11,53,34
2043,12,56,47
2044,67,95,73
2045,80,81,64
2046,81,11,15
2047,43,67,10
2048,47,8,98
2049,67,42,8
2050,16,54,23
2051,56,8,75
2052,51,30,97
2053,97,95,82
2054,25,82,36
2055,35,65,21
2056,12,96,46
2057,42,73,41
2058,86,6,71
2059,40,86,11
2060,99,61,7
2061,53,46,71
2062,19,83,59
2063,45,49,9
2064,1,76,79
2065,65,92,62
2066,37,1,91
2067,54,96,19
2068,9,88,15
2069,12,13,30
2070,11,66,96
2071,84,31,4
2072,26,20,24
2073,59,24,42
2074,41,77,65
2075,94,76,97
2076,60,9,65
2077,98,95,84
2078,32,11,59
2079,62,35,90
2080,45,57,48
2081,71,12,47
2082,99,57,85
2083,56,27,68
2084,56,79,28
2085,4,37,73
2086,55,55,10
2087,88,10,86
2088,98,36,85
2089,19,42,50
2090,26,81,27
2091,93,84,41
2092,52,40,44
2093,99,64,25
2094,34,96,76
2095,93,38,10
2096,37,55,66
2097,64,23,25
2098,54,96,17
2099,98,42,14
2100,44,81,73
2101,22,93,99
2102,17,87,87
2103,71,97,72
2104,69,29,41
2105,16,56,36
2106,12,52,23
2107,59,27,61
2108,21,25,62
2109,37,0,90
2110,49,74,25
2111,5,49,32
2112,14,72,21
2113,89,84,51
2114,5,71,40
2115,86,14,10
2116,10,18,64
2117,64,31,62
2118,19,7,79
2119,75,36,59
2120,87,59,33
2121,91,53,96
2122,19,8,84
2123,96,29,59
2124,6,54,54
2125,9,83,88
2126,93,99,19
2127,96,25,36
2128,6,22,92
2129,94,96,98
2130,1,14,67
2131,94,69,61
2132,2,25,20
2133,25,65,53
2134,70,92,50
2135,73,16,62
2136,62,25,39
2137,22,91,90
2138,78,22,73
2139,3,93,60
2140,20,21,45
2141,62,77,99
2142,66,32,65
2143,26,37,9
2144,32,34,75
2145,72,38,75
2146,62,83,32
2147,11,61,70
2148,67,28,37
2149,1,94,69
2150,65,17,91
2151,3,41,0
2152,76,82,81
2153,59,53,87
2154,78,28,8
2155,55,52,94
2156,18,6,75
2157,59,72,82
2158,96,32,72
2159,68,21,2
2160,48,33,24
2161,20,27,79
2162,11,21,71
2163,92,48,66
2164,85,27,80
2165,21,65,63
2166,22,18,26
2167,79,14,34
2168,27,37,1
2169,98,86,34
2170,16,79,46
2171,95,36,97
2172,75,84,99
2173,41,8,19
2174,72,2,93
2175,62,31,70
2176,56,72,90
2177,37,15,65
2178,80,4,82
2179,97,42,19
2180,67,81,4
2181,75,67,8
2182,42,86,5
2183,68,24,17
2184,12,9,11
2185,27,1,27
2186,33,82,14
2187,25,81,32
2188,16,87,86
2189,68,82,8
2190,93,44,39
2191,63,0,13
2192,63,78,0
2193,65,28,45
2194,42,73,41
2195,87,13,4
2196,81,94,29
2197,60,17,2
2198,63,7,47
2199,16,40,51
2200,36,27,28
2201,61,21,24
2202,55,2,48
2203,33,22,12
2204,95,41,18
2205,68,88,34
2206,6,29,30
2207,62,19,9
2208,90,21,38
2209,27,22,30
2210,83,24,73
2211,94,53,82
2212,50,6,80
2213,84,81,52
2214,20,41,48
2215,16,36,33
2216,59,97,7
2217,45,2,78
2218,85,93,7
2219,59,72,85
2220,11,99,61
2221,11,70,18
2222,80,47,98
2223,46,39,56
2224,63,47,47
2225,96,40,10
2226,32,29,51
2227,68,88,35
2228,13,60,60
2229,22,28,78
2230,5,90,37
2231,14,60,57
2232,8,68,15
2233,73,19,76
2234,23,88,70
2235,89,33,1
2236,6,28,23
2237,30,80,13
2238,27,93,85
2239,49,90,2
2240,42,4,93
2241,56,2,40
2242,94,51,72
2243,10,33,38
2244,90,35,5
2245,22,94,6
2246,46,14,31
2247,17,89,94
2248,6,45,11
2249,21,70,87
2250,29,81,18
2251,49,93,17
2252,8,89,23
2253,48,69,4
2254,12,49,8
2255,95,50,65
2256,77,91,23
2257,44,52,29
2258,87,50,90
2259,1,34,66
2260,30,51,66
2261,78,90,20
2262,30,90,63
2263,42,21,82
2264,46,83,79
2265,47,97,45
2266,34,37,85
2267,11,4,86
2268,18,35,19
2269,90,95,7
2270,49,25,78
2271,14,39,51
2272,39,43,97
2273,56,91,85
2274,55,21,39
2275,35,56,75
2276,8,17,63
2277,62,21,19
2278,33,7,39
2279,72,46,13
2280,29,5,40
2281,85,5,69
2282,31,48,47
2283,91,15,2
2284,68,31,54
2285,77,23,83
2286,48,89,5
2287,58,73,94
2288,50,71,3
2289,2,1,3
2290,9,38,63
2291,2,19,92
2292,2,36,75
2293,65,1,9
2294,43,91,23
2295,44,53,30
2296,95,84,38
2297,35,63,12
2298,69,9,41
2299,78,67,0
2300,2,11,49
2301,11,11,22
2302,78,22,77
2303,19,66,75
2304,76,56,53
2305,96,21,18
2306,26,78,14
2307,33,26,31
2308,77,94,39
2309,13,49,6
2310,85,6,77
2311,65,97,91
2312,64,46,38
2313,55,60,35
2314,98,84,26
2315,77,10,18
2316,63,58,5
2317,48,27,92
2318,79,19,57
2319,30,78,3
2320,79,86,97
2321,24,32,86
2322,36,22,3
2323,51,46,75
2324,40,75,54
2325,44,62,79
2326,7,98,69
2327,51,52,4
2328,66,17,88
2329,92,94,96
2330,96,96,90
2331,64,48,51
2332,11,4,87
2333,23,53,99
2334,35,77,84
2335,87,83,57
2336,36,8,33
2337,42,9,23
2338,86,63,57
2339,95,6,47
2340,15,36,35
2341,69,41,97
2342,61,16,96
2343,32,72,64
2344,5,33,50
2345,52,9,92
2346,34,95,74
2347,84,0,50
2348,47,89,1
2349,41,3,94
2350,59,12,87
2351,98,31,61
2352,11,73,33
2353,44,24,88
2354,69,83,8
2355,92,34,95
2356,75,92,32
2357,87,38,30
2358,35,87,31
2359,95,83,29
2360,95,90,64
2361,51,63,63
2362,26,43,39
2363,64,3,23
2364,7,65,6
2365,37,67,24
2366,18,21,52
2367,94,18,5
2368,75,59,72
2369,82,94,23
2370,35,6,28
2371,20,18,29
2372,93,77,9
2373,13,37,46
2374,20,63,56
2375,90,85,55
2376,20,36,18
2377,86,76,20
2378,75,14,48
2379,97,40,10
2380,30,22,21
2381,40,37,64
2382,8,51,32
2383,5,33,47
2384,38,48,29
2385,2,23,10
2386,80,69,9
2387,35,50,47
2388,86,86,76
2389,21,79,34
2390,30,50,62
2391,60,12,83
2392,78,44,86
2393,97,27,46
2394,49,6,84
2395,4,67,23
2396,17,16,27
2397,90,69,76
2398,71,29,31
2399,71,63,3
2400,27,24,42
2401,36,55,67
2402,73,63,96
2403,90,63,48
2404,50,8,88
2405,18,25,74
2406,93,44,40
2407,70,29,35
2408,91,50,75
2409,28,13,81
2410,70,5,14
2411,58,48,66
2412,86,35,16
2413,75,27,11
2414,75,42,86
2415,2,56,74
2416,2,89,38
2417,26,14,94
2418,27,56,97
2419,16,93,16
2420,4,69,34
2421,65,23,20
2422,31,97,90
2423,61,37,3
2424,5,17,68
2425,91,49,75
2426,30,23,25
2427,56,6,62
2428,94,85,41
2429,52,39,38
2430,73,51,38
2431,36,66,22
2432,14,3,75
2433,65,3,18
2434,82,56,33
2435,0,2,10
2436,45,95,42
2437,23,93,93
2438,86,54,9
2439,87,9,85
2440,96,24,36
2441,8,31,31
2442,62,18,6
2443,74,54,48
2444,80,58,47
2445,63,75,88
2446,15,9,1
2447,80,95,38
2448,5,12,44
2449,86,98,32
2450,67,38,88
2451,30,84,31
2452,3,22,2
2453,47,27,93
2454,87,56,17
2455,21,52,98
2456,33,75,74
2457,47,13,25
2458,84,49,91
2459,8,69,19
2460,92,2,35
2461,68,36,78
2462,80,66,91
2463,57,11,86
2464,98,33,73
2465,64,1,16
2466,78,41,71
2467,35,61,1
2468,21,4,56
2469,71,84,11
2470,3,82,2
2471,62,6,45
2472,8,4,96
2473,68,55,69
2474,83,7,86
2475,9,89,20
2476,33,3,17
2477,77,34,38
2478,91,39,22
2479,93,1,26
2480,27,57,5
2481,54,54,10
2482,89,15,9
2483,99,68,46
2484,27,95,97
2485,0,10,50
2486,20,51,93
2487,15,96,37
2488,98,79,0
2489,63,16,93
2490,16,2,65
2491,16,87,86
2492,70,92,52
2493,86,73,7
2494,17,65,74
2495,76,58,64
2496,47,42,68
2497,15,73,18
2498,72,8,23
2499,91,88,69
2500,80,95,35
2501,89,42,45
2502,97,51,66
2503,78,89,15
2504,9,97,61
2505,15,93,22
2506,28,76,97
2507,56,92,92
2508,83,41,55
2509,55,7,73
2510,46,9,7
2511,11,32,30
2512,53,74,13
2513,42,72,37
2514,67,26,31
2515,76,88,12
2516,99,56,85
2517,58,34,96
2518,79,8,1
2519,85,20,45
2520,65,92,66
2521,52,66,71
2522,60,87,57
2523,23,45,57
2524,49,77,39
2525,62,96,91
2526,71,81,93
2527,20,24,58
2528,21,31,92
2529,67,60,98
2530,13,72,22
2531,94,4,38
2532,79,81,70
2533,8,28,16
2534,97,39,5
2535,6,18,70
2536,96,72,73
2537,51,36,25
2538,18,14,19
2539,51,0,45
2540,28,7,49
2541,25,78,17
2542,51,4,69
2543,34,62,9
2544,59,67,61
2545,2,30,42
2546,21,82,45
2547,82,75,27
2548,11,77,50
2549,21,56,17
2550,16,30,1
2551,18,88,87
2552,72,98,76
2553,84,95,25
2554,37,13,54
2555,31,93,74
2556,89,24,56
2557,6,64,0
2558,10,50,21
2559,54,8,79
2560,72,22,94
2561,4,39,82
2562,95,28,58
2563,7,60,78
2564,13,29,7
2565,48,21,61
2566,42,26,5
2567,47,21,64
2568,57,96,9
2569,55,50,87
2570,86,68,82
2571,5,82,96
2572,34,81,3
2573,75,67,11
2574,53,33,6
2575,31,40,4
2576,3,1,99
2577,94,71,72
2578,50,36,29
2579,35,92,54
2580,97,20,11
2581,94,38,8
2582,27,11,76
2583,47,7,96
2584,59,8,63
2585,93,74,94
2586,46,48,4
2587,76,69,18
2588,85,70,94
2589,60,21,25
2590,64,42,21
2591,78,27,3
2592,33,59,96
2593,1,19,92
2594,3,38,83
2595,0,53,65
2596,69,47,32
2597,16,85,79
2598,40,62,92
2599,76,3,87
2600,28,80,17
2601,46,79,56
2602,44,52,30
2603,92,72,82
2604,97,41,11
2605,36,46,22
2606,74,3,93
2607,57,9,71
2608,30,37,95
2609,64,36,88
2610,31,93,74
2611,90,27,66
2612,50,50,4
2613,69,32,54
2614,74,11,33
2615,32,60,4
2616,43,3,88
2617,30,88,49
2618,83,70,98
2619,81,13,20
2620,64,58,2
2621,33,60,3
2622,33,58,90
2623,79,25,89
2624,69,79,90
2625,11,86,0
2626,39,99,75
2627,81,79,53
2628,31,93,74
2629,93,41,29
2630,22,24,52
2631,91,0,28
2632,40,17,63
2633,67,45,25
2634,90,76,10
2635,21,79,30
2636,16,88,94
2637,4,39,86
2638,13,7,96
2639,59,10,71
2640,26,18,12
2641,6,96,63
2642,26,42,34
2643,43,12,32
2644,24,23,47
2645,65,85,29
2646,90,65,57
2647,88,72,95
2648,58,7,62
2649,88,53,5
2650,65,12,65
2651,88,46,66
2652,94,73,84
2653,3,60,94
2654,90,70,79
2655,85,87,82
2656,48,96,35
2657,89,40,35
2658,54,67,74
2659,68,21,99
2660,32,62,17
2661,0,49,47
2662,89,3,50
2663,39,49,25
2664,81,28,97
2665,2,18,87
2666,79,34,37
2667,80,92,21
2668,27,76,96
2669,53,78,31
2670,23,20,32
2671,3,18,81
2672,51,13,14
2673,32,17,91
2674,6,55,56
2675,17,18,40
2676,44,3,83
2677,7,86,8
2678,82,88,93
2679,3,35,66
2680,28,43,30
2681,21,18,24
2682,68,70,46
2683,21,68,75
2684,74,44,99
2685,65,26,37
2686,8,28,15
2687,95,28,58
2688,4,46,19
2689,60,42,29
2690,21,19,32
2691,3,20,89
2692,89,75,11
2693,28,8,59
2694,68,66,28
2695,40,19,72
2696,7,18,70
2697,95,66,46
2698,32,24,25
2699,54,95,14
2700,83,75,25
2701,1,31,54
2702,77,24,88
2703,69,84,10
2704,99,65,29
2705,53,75,17
2706,62,61,16
2707,1,56,78
2708,22,77,21
2709,74,6,10
2710,32,32,62
2711,15,89,2
2712,45,17,50
2713,2,61,97
2714,3,23,9
2715,75,49,21
2716,60,36,1
2717,96,77,97
2718,55,85,61
2719,51,73,11
2720,36,49,36
2721,33,56,85
2722,54,17,25
2723,72,88,22
2724,49,80,54
2725,31,91,65
2726,51,60,49
2727,64,73,73
2728,48,23,70
2729,82,1,58
2730,88,67,72
2731,61,88,58
2732,26,56,5
2733,55,61,41
2734,23,90,83
2735,45,76,44
2736,95,45,38
2737,55,61,43
2738,33,35,77
2739,81,72,19
2740,80,43,78
2741,58,60,24
2742,43,42,80
2743,77,46,98
2744,54,75,14
2745,48,95,33
2746,79,97,49
2747,54,24,60
2748,29,63,29
2749,55,90,86
2750,59,36,6
2751,22,92,96
2752,4,33,55
2753,75,12,36
2754,43,8,13
2755,39,57,70
2756,78,79,65
2757,86,38,32
2758,45,30,16
2759,89,0,34
2760,70,49,36
2761,33,58,93
2762,90,71,86
2763,16,22,64
2764,56,87,67
2765,73,66,10
2766,55,44,57
2767,51,86,77
2768,29,14,83
2769,75,24,96
2770,9,57,57
2771,17,13,15
2772,35,33,61
2773,7,51,36
2774,27,28,61
2775,18,11,0
2776,69,45,16
2777,48,94,24
2778,38,19,81
2779,50,5,77
2780,69,15,69
2781,0,95,74
2782,86,9,89
2783,18,24,66
2784,58,94,96
2785,98,1,12
2786,56,47,68
2787,99,93,66
2788,51,58,36
2789,8,31,34
2790,78,87,0
2791,40,0,80
2792,1,67,30
2793,50,60,52
2794,79,41,68
2795,16,79,45
2796,90,16,12
2797,11,20,67
2798,78,86,0
2799,39,98,74
2800,75,52,38
2801,32,46,35
2802,36,79,86
2803,92,3,41
2804,98,65,31
2805,61,11,76
2806,45,97,51
2807,64,67,43
2808,14,41,66
2809,7,36,61
2810,96,0,13
2811,63,78,0
2812,66,33,65
2813,26,35,0
2814,97,82,20
2815,55,15,13
2816,18,52,6
2817,74,52,39
2818,42,90,26
2819,61,27,53
2820,83,58,39
2821,24,1,36
2822,79,84,85
2823,72,8,24
2824,96,8,51
2825,34,15,75
2826,31,29,53
2827,80,40,61
2828,84,39,42
2829,95,48,55
2830,33,99,96
2831,86,41,50
2832,24,74,95
2833,56,95,5
2834,43,99,69
2835,47,31,11
2836,64,85,37
2837,28,30,67
2838,47,35,34
2839,65,22,16
2840,14,24,77
2841,13,34,34
2842,67,33,65
2843,26,36,1
2844,0,97,86
2845,37,28,29
2846,61,19,13
2847,8,3,91
2848,47,63,74
2849,80,77,49
2850,13,20,62
2851,48,57,40
2852,28,23,33
2853,93,68,63
2854,12,71,17
2855,75,23,92
2856,89,72,95
2857,56,98,24
2858,23,45,55
2859,42,44,95
2860,44,36,50
2861,41,53,46
2862,71,18,77
2863,30,19,5
2864,68,25,24
2865,46,56,45
2866,58,53,91
2867,97,12,70
2868,15,66,84
2869,21,55,13
2870,99,58,93
2871,92,83,36
2872,34,62,10
2873,65,95,80
2874,15,37,40
2875,91,35,1
2876,3,10,44
2877,89,13,1
2878,65,25,27
2879,62,28,58
2880,3,41,97
2881,64,28,49
2882,64,70,59
2883,86,54,10
2884,90,21,36
2885,16,72,13
2886,50,12,12
2887,23,80,30
2888,10,62,78
2889,7,2,91
2890,47,61,67
2891,50,52,9
2892,92,31,82
2893,15,31,11
2894,64,84,31
2895,3,21,97
2896,22,19,30
2897,94,82,27
2898,90,68,70
2899,47,26,89
2900,66,64,24
2901,27,62,32
2902,75,79,72
2903,21,91,92
2904,86,56,21
2905,36,21,95
2906,12,76,46
2907,3,75,68
2908,14,69,4
2909,13,55,33
2910,2,11,51
2911,22,57,18
2912,19,43,59
2913,67,57,85
2914,55,20,36
2915,20,93,3
2916,39,87,18
2917,31,1,11
2918,55,41,40
2919,79,73,29
2920,28,55,88
2921,78,26,95
2922,99,10,55
2923,45,61,69
2924,64,12,70
2925,15,64,78
2926,95,44,36
2927,46,23,77
2928,19,62,53
2929,82,49,1
2930,57,82,41
2931,59,70,77
2932,75,43,93
2933,35,95,74
2934,82,90,5
2935,53,53,6
2936,72,41,89
2937,25,59,20
2938,24,61,32
2939,79,1,66
2940,27,40,17
2941,68,90,46
2942,61,67,52
2943,61,48,56
2944,40,30,31
2945,66,36,82
2946,3,68,34
2947,64,20,9
2948,84,93,13
2949,87,96,20
2950,13,5,85
2951,11,0,67
2952,36,79,86
2953,94,14,90
2954,6,62,93
2955,81,24,77
2956,14,40,59
2957,77,8,7
2958,13,45,85
2959,91,2,37
2960,77,76,51
2961,25,75,1
2962,78,90,14
2963,1,63,11
2964,68,8,34
2965,49,43,70
2966,22,0,35
2967,76,73,39
2968,76,64,92
2969,68,65,21
2970,11,93,33
2971,88,38,28
2972,28,55,91
2973,93,91,79
2974,19,60,42
2975,33,39,98
2976,71,61,95
2977,89,64,52
2978,69,88,36
2979,16,72,11
2980,39,63,97
2981,99,2,13
2982,63,74,81
2983,86,86,72
2984,3,99,86
2985,33,7,39
2986,75,59,69
2987,69,37,79
2988,83,81,55
2989,31,92,69
2990,67,31,52
2991,70,93,58
2992,8,69,23
2993,5,58,77
2994,12,28,3
2995,31,49,50
2996,3,65,17
2997,90,98,22
2998,17,18,42
2999,54,43,57
3000,55,6,64
3001,4,29,32
3002,76,83,89
3003,95,10,67
3004,3,14,64
3005,78,97,51
3006,66,75,79
3007,69,8,36
3008,58,79,22
3009,72,98,71
3010,64,5,34
3011,55,76,14
3012,43,73,35
3013,59,91,76
3014,10,21,74
3015,8,19,74
3016,10,29,14
3017,86,89,86
3018,63,58,2
3019,35,68,39
3020,89,29,78
3021,4,86,18
3022,34,14,69
3023,4,14,56
3024,41,37,64
3025,7,44,99
3026,66,30,56
3027,87,70,88
3028,31,93,73
3029,84,2,60
3030,95,95,92
3031,73,91,38
3032,16,68,90
3033,49,72,17
3034,70,98,80
3035,6,90,35
3036,5,19,80
3037,43,76,53
3038,38,32,46
3039,32,25,27
3040,62,30,63
3041,25,39,19
3042,80,41,67
3043,12,61,68
3044,58,85,51
3045,0,48,41
3046,62,87,50
3047,90,99,26
3048,34,94,67
3049,56,76,16
3050,51,5,76
3051,64,93,73
3052,85,8,85
3053,1,51,53
3054,14,9,6
3055,3,99,85
3056,29,91,69
3057,72,55,57
3058,20,31,96
3059,86,42,53
3060,39,38,73
3061,52,39,42
3062,93,37,10
3063,37,54,62
3064,48,56,35
3065,10,43,86
3066,1,47,35
3067,33,60,0
3068,21,6,69
3069,25,20,24
3070,61,32,77
3071,90,22,40
3072,32,42,16
3073,54,24,57
3074,13,93,29
3075,67,50,46
3076,82,72,15
3077,60,55,94
3078,8,56,56
3079,16,9,98
3080,64,25,33
3081,90,54,99
3082,35,76,78
3083,60,66,50
3084,55,23,50
3085,84,71,4
3086,7,23,93
3087,97,8,48
3088,16,39,48
3089,21,64,56
3090,90,81,37
3091,43,4,89
3092,37,15,67
3093,89,45,58
3094,57,10,79
3095,67,98,91
3096,62,37,0
3097,87,38,30
3098,37,95,65
3099,40,6,9
3100,29,17,97
3101,37,92,52
3102,84,64,68
3103,48,37,41
3104,95,54,86
3105,66,74,74
3106,46,7,1
3107,84,18,39
3108,42,92,33
3109,91,56,7
3110,67,13,67
3111,94,72,80
3112,82,71,8
3113,28,15,95
3114,29,60,13
3115,86,90,92
3116,92,85,48
3117,85,82,55
3118,29,83,25
3119,80,24,80
3120,29,5,40
3121,85,5,72
3122,46,11,21
3123,71,92,47
3124,59,57,7
3125,64,0,8
3126,39,72,42
3127,98,63,23
3128,26,63,35
3129,86,25,69
3130,70,43,7
3131,7,14,48
3132,98,46,38
3133,53,52,2
3134,54,65,63
3135,20,12,1
3136,69,41,99
3137,74,74,47
3138,14,29,3
3139,31,45,34
3140,32,62,13
3141,81,66,87
3142,38,29,32
3143,75,80,73
3144,27,18,7
3145,80,83,73
3146,16,62,63
3147,29,57,0
3148,26,33,89
3149,43,50,22
3150,62,42,24
3151,95,5,40
3152,86,8,85
3153,99,41,10
3154,26,3,35
3155,68,34,67
3156,35,74,64
3157,0,9,46
3158,2,71,53
3159,50,92,11
3160,78,57,53
3161,92,3,40
3162,90,30,81
3163,17,41,55
3164,52,96,23
3165,28,73,80
3166,81,65,85
3167,27,84,39
3168,43,0,69
3169,47,26,92
3170,81,28,99
3171,13,69,7
3172,27,16,1
3173,55,73,99
3174,79,96,44
3175,35,41,1
3176,84,17,35
3177,22,7,67
3178,17,83,65
3179,78,95,39
3180,14,52,17
3181,29,97,96
3182,91,68,65
3183,22,16,14
3184,25,82,36
3185,32,54,76
3186,17,57,35
3187,4,15,65
3188,79,0,65
3189,24,26,58
3190,15,0,56
3191,79,29,6
3192,45,8,4
3193,96,70,62
3194,3,26,25
3195,44,47,5
3196,85,8,84
3197,0,49,43
3198,71,26,18
3199,13,12,22
3200,72,95,61
3201,20,17,27
3202,82,29,2
3203,23,8,71
3204,31,42,17
3205,61,53,83
3206,56,33,95
3207,79,12,21
3208,69,82,3
3209,69,37,79
3210,83,81,55
3211,34,3,13
3212,59,55,1
3213,37,84,10
3214,97,55,87
3215,68,81,2
3216,67,29,47
3217,46,92,20
3218,27,75,92
3219,39,18,74
3220,17,63,63
3221,26,44,41
3222,73,43,97
3223,54,82,50
3224,2,60,95
3225,94,87,54
3226,10,87,5
3227,64,5,33
3228,51,55,25
3229,61,31,73
3230,70,33,57
3231,83,47,86
3232,89,89,78
3233,22,77,18
3234,62,55,88
3235,79,28,6
3236,47,18,47
3237,82,69,2
3238,2,5,20
3239,83,59,44
3240,42,81,81
3241,60,58,10
3242,76,50,23
3243,65,59,98
3244,12,70,14
3245,60,57,8
3246,68,17,82
3247,61,58,7
3248,64,96,91
3249,68,68,37
3250,81,96,36
3251,92,54,96
3252,16,91,10
3253,78,58,57
3254,10,82,78
3255,46,97,48
3256,50,5,76
3257,66,0,4
3258,23,0,33
3259,63,20,8
3260,83,91,8
3261,65,1,10
3262,51,22,60
3263,35,93,62
3264,32,72,66
3265,13,67,97
3266,85,35,22
3267,3,50,40
3268,53,43,56
3269,54,2,46
3270,27,98,10
3271,55,46,64
3272,84,29,93
3273,78,12,26
3274,95,96,98
3275,1,12,55
3276,43,48,14
3277,24,81,33
3278,24,19,26
3279,73,87,16
3280,21,58,26
3281,59,16,2
3282,64,15,85
3283,79,41,69
3284,22,5,59
3285,81,28,97
3286,0,9,49
3287,16,32,15
3288,81,57,44
3289,51,21,53
3290,4,59,83
3291,41,55,54
3292,3,53,58
3293,30,77,94
3294,42,27,8
3295,62,86,43
3296,57,58,21
3297,28,80,16
3298,41,58,66
3299,55,79,30
3300,14,79,55
3301,39,30,35
3302,85,22,55
3303,10,83,87
3304,86,69,88
3305,32,96,87
3306,48,77,41
3307,75,52,36
3308,25,17,11
3309,4,87,23
3310,57,15,5
3311,82,95,29
3312,59,10,73
3313,36,61,98
3314,7,40,79
3315,76,45,96
3316,45,37,51
3317,44,69,12
3318,54,35,13
3319,59,59,16
3320,6,81,87
3321,91,98,15
3322,84,74,17
3323,67,82,10
3324,6,0,82
3325,11,11,21
3326,73,3,95
3327,65,43,18
3328,64,66,37
3329,87,24,62
3330,37,98,81
3331,12,15,43
3332,69,16,74
3333,22,88,74
3334,7,13,46
3335,91,17,14
3336,17,46,79
3337,58,51,85
3338,69,91,51
3339,79,44,86
3340,95,18,4
3341,67,26,26
3342,55,96,15
3343,86,89,86
3344,62,52,75
3345,22,83,52
3346,11,98,57
3347,94,0,18
3348,89,94,3
3349,33,56,82
3350,43,70,20
3351,92,1,27
3352,36,96,74
3353,84,99,42
3354,15,49,98
3355,47,41,63
3356,93,76,1
3357,80,96,43
3358,24,92,88
3359,64,56,90
3360,82,39,52
3361,43,59,68
3362,61,5,39
3363,84,1,53
3364,65,65,32
3365,66,34,70
3366,52,47,83
3367,71,8,29
3368,19,8,86
3369,4,63,5
3370,34,57,84
3371,50,99,45
3372,27,0,21
3373,4,57,73
3374,96,61,17
3375,2,58,88
3376,64,58,96
3377,10,59,68
3378,61,3,33
3379,56,80,35
3380,33,60,5
3381,42,97,57
3382,98,19,99
3383,42,10,28
3384,8,59,69
3385,67,32,57
3386,91,83,45
3387,74,37,63
3388,4,33,53
3389,64,64,29
3390,53,79,36
3391,44,13,32
3392,23,18,23
3393,62,43,27
3394,8,60,77
3395,6,99,75
3396,81,81,61
3397,62,30,62
3398,20,18,27
3399,83,32,15
3400,77,43,82
3401,82,64,74
3402,81,83,71
3403,8,27,12
3404,80,62,74
3405,82,87,93
3406,3,38,80
3407,87,96,18
3408,3,63,5
3409,38,74,57
3410,64,47,47
3411,93,23,40
3412,28,22,24
3413,58,17,13
3414,13,25,90
3415,73,96,62
3416,24,31,87
3417,42,48,15
3418,32,14,75
3419,34,44,21
3420,71,92,48
3421,63,75,84
3422,96,27,50
3423,68,89,43
3424,48,10,7
3425,6,8,25
3426,1,31,51
3427,62,59,11
3428,75,45,2
3429,73,60,83
3430,36,31,49
3431,50,4,69
3432,35,68,34
3433,67,34,70
3434,49,34,25
3435,24,47,60
3436,61,27,50
3437,70,1,96
3438,76,92,32
3439,84,24,69
3440,73,58,72
3441,89,26,67
3442,55,74,8
3443,15,54,26
3444,66,55,77
3445,20,71,93
3446,55,94,4
3447,42,98,62
3448,17,2,58
3449,83,43,65
3450,97,90,62
3451,39,8,24
3452,98,16,88
3453,92,98,12
3454,69,8,33
3455,42,12,36
3456,43,7,8
3457,17,63,65
3458,35,79,93
3459,27,57,6
3460,59,78,12
3461,28,6,44
3462,3,83,6
3463,84,1,52
3464,60,43,35
3465,45,24,83
3466,43,68,12
3467,54,35,15
3468,69,99,92
3469,61,31,71
3470,65,10,58
3471,58,17,14
3472,16,40,52
3473,41,48,18
3474,48,87,91
3475,92,90,76
3476,8,11,34
3477,35,76,74
3478,45,1,69
3479,45,17,53
3480,12,2,75
3481,69,19,92
3482,1,29,45
3483,38,56,67
3484,68,38,85
3485,13,12,21
3486,67,74,69
3487,22,4,57
3488,71,87,23
3489,53,98,31
3490,60,10,71
3491,23,4,50
3492,38,41,90
3493,27,68,58
3494,88,67,72
3495,58,77,9
3496,14,42,72
3497,34,53,66
3498,68,46,25
3499,87,62,49
3500,60,54,91
3501,91,86,54
3502,13,3,79
3503,87,96,19
3504,8,82,89
3505,98,24,26
3506,58,15,0
3507,54,71,93
3508,54,91,93
3509,92,83,40
3510,49,28,94
3511,84,41,52
3512,38,33,54
3513,72,99,78
3514,92,27,59
3515,14,95,35
3516,87,33,2
3517,14,63,72
3518,73,49,25
3519,80,26,88
3520,65,60,8
3521,59,71,77
3522,75,42,85
3523,0,46,31
3524,16,88,91
3525,91,84,47
3526,83,75,27
3527,12,76,47
3528,6,90,32
3529,91,58,17
3530,11,7,4
3531,96,69,57
3532,80,31,14
3533,78,47,4
3534,77,74,41
3535,83,93,14
3536,93,23,37
3537,18,79,40
3538,65,6,37
3539,66,18,93
3540,12,80,66
3541,92,62,34
3542,86,25,71
3543,78,77,53
3544,35,17,78
3545,40,68,18
3546,90,94,1
3547,23,14,0
3548,60,0,22
3549,9,79,71
3550,18,76,26
3551,2,32,57
3552,86,63,55
3553,85,64,63
3554,24,32,87
3555,39,38,70
3556,37,78,78
3557,58,56,5
3558,60,85,44
3559,65,96,84
3560,32,10,52
3561,34,12,58
3562,53,94,11
3563,75,42,83
3564,92,9,72
3565,32,44,27
3566,3,36,68
3567,34,68,38
3568,88,26,67
3569,55,76,13
3570,41,66,5
3571,29,29,59
3572,8,66,4
3573,23,5,57
3574,70,78,80
3575,68,99,94
3576,71,74,59
3577,73,89,26
3578,62,34,85
3579,24,66,59
3580,97,9,55
3581,47,69,8
3582,31,33,74
3583,70,30,38
3584,3,3,3
3585,7,27,16
3586,97,41,11
3587,32,29,51
3588,68,87,31
3589,95,82,26
3590,84,41,55
3591,52,97,28
3592,50,67,84
3593,20,50,88
3594,90,90,78
3595,20,68,78
3596,90,14,0
3597,60,99,18
3598,92,9,66
3599,4,22,98
3600,26,38,9
3601,34,43,12
3602,31,22,18
3603,21,55,11
3604,90,16,13
3605,16,43,66
3606,3,15,69
3607,1,97,83
3608,23,67,66
3609,30,53,74
3610,11,33,34
3611,70,49,37
3612,39,85,7
3613,81,86,88
3614,82,46,85
3615,89,87,72
3616,96,67,49
3617,42,63,91
3618,64,51,62
3619,58,3,42
3620,3,87,28
3621,79,11,17
3622,55,24,54
3623,99,33,70
3624,49,39,45
3625,9,13,37
3626,45,15,43
3627,67,9,44
3628,95,44,34
3629,37,85,12
3630,8,5,1
3631,90,49,74
3632,22,90,83
3633,45,77,51
3634,25,73,90
3635,30,80,12
3636,20,64,61
3637,12,79,60
3638,62,31,70
3639,59,84,42
3640,61,79,11
3641,21,70,89
3642,35,7,32
3643,38,95,64
3644,33,74,72
3645,37,71,46
3646,16,41,60
3647,75,98,63
3648,24,29,75
3649,90,23,44
3650,54,39,34
3651,51,56,26
3652,63,39,4
3653,5,14,55
3654,32,97,91
3655,62,40,15
3656,56,35,7
3657,32,38,93
3658,54,89,85
3659,58,35,0
3660,98,91,60
3661,29,67,45
3662,27,99,16
3663,84,72,7
3664,21,86,66
3665,73,66,12
3666,64,82,20
3667,53,5,66
3668,15,78,46
3669,96,41,19
3670,74,13,41
3671,70,24,14
3672,96,38,4
3673,8,26,7
3674,58,68,68
3675,38,85,10
3676,96,51,68
3677,88,36,15
3678,67,90,49
3679,76,35,48
3680,36,34,65
3681,22,16,14
3682,24,80,26
3683,91,76,7
3684,10,30,21
3685,13,4,83
3686,1,59,92
3687,84,45,73
3688,29,27,48
3689,60,59,12
3690,86,93,7
3691,56,62,40
3692,14,52,19
3693,41,47,13
3694,24,83,44
3695,70,17,78
3696,37,54,59
3697,33,88,43
3698,51,25,75
3699,0,76,79
3700,69,7,29
3701,25,37,10
3702,39,67,16
3703,82,62,64
3704,33,76,79
3705,68,4,19
3706,80,43,78
3707,58,60,26
3708,51,76,29
3709,18,1,52
3710,60,41,28
3711,17,3,63
3712,5,38,74
3713,59,72,84
3714,6,79,75
3715,39,72,41
3716,89,22,45
3717,60,66,48
3718,44,77,52
3719,32,4,24
3720,10,78,61
3721,70,70,40
3722,90,29,77
3723,0,68,39
3724,94,51,77
3725,29,16,93
3726,19,16,23
3727,66,63,17
3728,99,41,11
3729,32,26,35
3730,97,80,11
3731,15,43,69
3732,17,81,52
3733,19,37,31
3734,43,23,88
3735,73,98,72
3736,68,23,10
3737,85,92,8
3738,65,3,17
3739,79,43,81
3740,75,32,35
3741,81,2,65
3742,21,9,83
3743,87,89,82
3744,43,69,19
3745,86,74,14
3746,48,99,52
3747,65,66,38
3748,93,51,77
3749,30,22,18
3750,26,75,98
3751,68,45,20
3752,66,69,48
3753,36,34,65
3754,24,22,42
3755,42,85,99
3756,42,13,39
3757,58,73,90
3758,34,97,87
3759,43,53,36
3760,21,99,32
3761,62,15,89
3762,1,40,95
3763,56,94,4
3764,40,89,24
3765,53,93,8
3766,60,77,8
3767,6,9,25
3768,99,19,1
3769,49,42,62
3770,87,49,86
3771,81,50,7
3772,86,8,82
3773,87,91,93
3774,94,89,67
3775,66,30,55
3776,83,49,98
3777,44,25,94
3778,96,99,8
3779,43,93,36
3780,1,98,88
3781,45,61,72
3782,78,73,34
3783,50,48,91
3784,12,88,3
3785,53,57,27
3786,64,39,5
3787,9,29,18
3788,3,63,7
3789,46,8,4
3790,96,68,53
3791,63,57,96
3792,7,51,32
3793,7,40,81
3794,86,85,68
3795,85,22,58
3796,21,34,6
3797,30,34,78
3798,87,4,60
3799,87,58,27
3800,63,32,74
3801,72,39,81
3802,89,3,49
3803,38,40,86
3804,12,2,74
3805,64,1,11
3806,52,28,86
3807,47,77,43
3808,87,6,70
3809,33,53,69
3810,85,19,40
3811,43,95,47
3812,49,7,88
3813,19,30,96
3814,90,60,33
3815,84,20,51
3816,96,27,46
3817,50,12,11
3818,18,57,32
3819,91,60,28
3820,58,9,70
3821,22,1,41
3822,1,85,20
3823,48,81,60
3824,60,18,11
3825,3,80,91
3826,16,9,98
3827,63,19,9
3828,88,15,9
3829,1,77,83
3830,86,82,53
3831,17,26,82
3832,33,18,92
3833,7,58,72
3834,86,15,16
3835,34,25,24
3836,44,50,18
3837,39,43,96
3838,55,85,63
3839,58,3,42
3840,1,78,88
3841,5,64,6
3842,36,65,17
3843,90,1,36
3844,75,69,20
3845,92,3,40
3846,89,26,64
3847,41,15,54
3848,24,61,31
3849,71,65,13
3850,68,2,9
3851,38,63,1
3852,19,89,91
3853,89,71,90
3854,36,10,45
3855,94,38,5
3856,13,48,5
3857,78,78,55
3858,41,39,76
3859,61,77,2
3860,81,98,48
3861,48,94,29
3862,62,25,37
3863,12,47,3
3864,72,52,43
3865,61,75,93
3866,42,33,36
3867,82,4,73
3868,56,60,34
3869,90,48,70
3870,9,32,35
3871,78,88,7
3872,71,32,49
3873,51,10,94
3874,41,25,2
3875,34,63,17
3876,94,18,12
3877,6,94,52
3878,79,41,67
3879,12,62,73
3880,81,86,89
3881,86,64,64
3882,25,36,4
3883,14,59,54
3884,94,10,65
3885,97,90,58
3886,21,33,2
3887,10,44,93
3888,31,77,92
3889,30,76,92
3890,29,72,71
3891,42,96,53
3892,79,35,41
3893,0,79,93
3894,28,64,35
3895,85,19,39
3896,41,89,24
3897,51,82,59
3898,52,80,45
3899,88,4,57
3900,71,88,25
3901,62,35,90
3902,44,50,19
3903,46,75,36
3904,56,73,96
3905,60,15,93
3906,23,37,17
3907,75,25,0
3908,23,18,22
3909,55,11,88
3910,8,77,63
3911,84,33,11
3912,58,57,11
3913,83,85,75
3914,20,75,17
3915,62,57,0
3916,30,52,68
3917,87,31,93
3918,75,96,55
3919,89,79,27
3920,0,19,97
3921,26,42,34
3922,41,7,10
3923,29,16,96
3924,29,59,8
3925,66,3,20
3926,90,90,83
3927,44,70,19
3928,84,65,72
3929,66,13,70
3930,10,43,83
3931,86,83,55
3932,29,79,8
3933,4,95,66
3934,46,29,11
3935,69,10,45
3936,95,39,13
3937,48,2,66
3938,24,21,36
3939,16,72,13
3940,49,5,81
3941,90,8,71
3942,33,50,51
3943,7,82,89
3944,1,36,78
3945,82,77,41
3946,74,49,22
3947,66,62,11
3948,71,24,5
3949,56,66,63
3950,17,97,35
3951,85,18,38
3952,37,72,48
3953,26,86,53
3954,9,84,94
3955,18,10,95
3956,45,40,68
3957,17,85,73
3958,12,42,72
3959,37,68,31
3960,53,70,91
3961,45,55,40
3962,36,60,91
3963,76,10,20
3964,72,1,87
3965,33,5,27
3966,20,21,43
3967,53,39,34
3968,55,72,98
3969,72,66,15
3970,76,39,65
3971,7,43,93
3972,38,11,43
3973,83,86,80
3974,43,78,58
3975,57,12,90
3976,13,94,34
3977,89,41,40
3978,79,73,29
3979,26,46,51
3980,19,41,49
3981,21,59,32
3982,85,30,96
3983,90,62,40
3984,15,57,40
3985,27,19,13
3986,8,1,81
3987,4,78,79
3988,60,65,45
3989,32,23,21
3990,36,18,83
3991,62,61,20
3992,17,27,84
3993,38,40,88
3994,19,30,93
3995,79,13,30
3996,13,76,41
3997,77,62,80
3998,12,24,84
3999,48,89,3
4000,45,19,58
4001,34,96,81
4002,16,38,40
4003,90,28,70
4004,68,31,50
4005,60,49,67
4006,86,33,4
4007,24,7,64
4008,99,2,14
4009,64,78,0
4010,65,26,36
4011,2,2,4
4012,17,73,14
4013,52,17,32
4014,8,46,4
4015,85,10,99
4016,65,28,45
4017,44,82,81
4018,57,43,44
4019,94,39,10
4020,36,49,40
4021,50,33,14
4022,72,18,74
4023,18,70,93
4024,57,8,69
4025,20,94,12
4026,76,46,3
4027,76,72,31
4028,41,13,42
4029,73,38,74
4030,55,52,95
4031,19,13,8
4032,99,74,75
4033,51,30,99
4034,7,36,62
4035,2,24,13
4036,96,39,7
4037,22,86,68
4038,79,93,29
4039,67,47,34
4040,30,48,51
4041,11,1,75
4042,71,30,36
4043,94,61,22
4044,28,74,89
4045,22,44,53
4046,34,13,64
4047,81,14,27
4048,93,84,42
4049,59,69,68
4050,36,75,69
4051,19,88,84
4052,55,25,59
4053,23,39,25
4054,11,77,55
4055,45,57,54
4056,0,36,80
4057,95,34,86
4058,27,79,15
4059,39,51,38
4060,38,75,61
4061,81,24,78
4062,19,61,49
4063,61,58,10
4064,76,48,14
4065,27,95,94
4066,83,34,24
4067,17,13,14
4068,31,16,85
4069,78,37,52
4070,50,93,18
4071,9,94,44
4072,35,47,28
4073,0,16,79
4074,50,13,15
4075,36,36,73
4076,56,61,38
4077,9,33,35
4078,77,80,68
4079,4,14,60
4080,58,9,71
4081,32,44,28
4082,5,44,3
4083,86,22,53
4084,0,41,5
4085,3,1,95
4086,71,74,54
4087,51,91,5
4088,50,35,26
4089,26,54,92
4090,97,10,61
4091,74,87,15
4092,15,29,2
4093,21,2,49
4094,36,36,70
4095,46,17,48
4096,90,8,71
4097,33,49,47
4098,90,9,77
4099,57,53,94
4100,13,82,71
4101,12,46,97
4102,44,33,32
4103,61,9,62
4104,85,41,49
4105,24,72,90
4106,33,94,73
4107,82,91,12
4108,88,5,59
4109,80,24,81
4110,34,27,33
4111,86,32,1
4112,8,40,74
4113,53,43,58
4114,60,27,57
4115,3,47,24
4116,80,27,99
4117,11,60,66
4118,51,56,30
4119,84,27,86
4120,51,95,22
4121,25,60,25
4122,44,47,2
4123,71,50,36
4124,33,55,76
4125,15,49,99
4126,50,51,7
4127,83,93,15
4128,99,49,48
4129,94,25,47
4130,57,46,61
4131,66,47,38
4132,49,32,16
4133,81,57,43
4134,44,94,38
4135,10,33,37
4136,85,16,25
4137,79,20,64
4138,58,0,25
4139,24,49,71
4140,11,43,81
4141,77,41,74
4142,49,21,60
4143,39,15,59
4144,51,76,29
4145,19,7,78
4146,70,15,66
4147,85,29,91
4148,68,67,32
4149,60,4,42
4150,97,60,8
4151,62,88,54
4152,5,64,4
4153,29,35,87
4154,32,1,7
4155,35,53,61
4156,47,50,12
4157,10,13,36
4158,41,97,63
4159,25,38,15
4160,62,64,34
4161,79,93,27
4162,60,18,9
4163,91,28,69
4164,59,91,78
4165,17,51,5
4166,73,50,31
4167,6,37,66
4168,20,1,48
4169,38,44,8
4170,9,23,87
4171,66,72,60
4172,86,49,88
4173,93,1,25
4174,25,50,73
4175,19,75,20
4176,76,18,62
4177,58,5,53
4178,49,85,80
4179,44,81,72
4180,21,87,73
4181,6,12,42
4182,73,40,80
4183,83,73,18
4184,72,7,18
4185,69,94,61
4186,25,42,36
4187,56,71,89
4188,33,96,81
4189,20,56,22
4190,40,37,66
4191,17,88,88
4192,79,29,11
4193,68,6,29
4194,25,41,31
4195,30,57,97
4196,13,75,36
4197,56,75,4
4198,97,72,71
4199,41,92,37
4200,10,39,67
4201,16,79,50
4202,13,13,28
4203,2,25,20
4204,27,75,95
4205,51,69,92
4206,52,88,83
4207,52,10,94
4208,40,18,73
4209,11,36,48
4210,33,20,1
4211,47,32,19
4212,99,41,5
4213,5,9,30
4214,25,33,92
4215,60,24,40
4216,29,26,45
4217,47,99,54
4218,73,6,11
4219,38,56,68
4220,74,63,95
4221,85,43,58
4222,63,42,19
4223,73,7,16
4224,59,47,58
4225,49,72,13
4226,49,8,95
4227,49,63,66
4228,41,8,19
4229,69,90,45
4230,53,33,6
4231,30,34,80
4232,98,50,59
4233,44,44,89
4234,13,98,50
4235,60,49,64
4236,73,73,49
4237,23,72,90
4238,33,96,82
4239,22,65,60
4240,7,55,54
4241,6,69,29
4242,36,95,67
4243,50,48,93
4244,21,27,71
4245,77,69,17
4246,77,34,40
4247,0,78,93
4248,32,79,1
4249,70,45,15
4250,43,69,18
4251,83,62,61
4252,17,6,78
4253,71,24,8
4254,68,16,78
4255,41,73,40
4256,81,86,90
4257,89,78,25
4258,89,70,86
4259,20,40,42
4260,92,33,89
4261,45,61,72
4262,74,57,62
4263,39,10,34
4264,39,95,58
4265,7,62,89
4266,59,27,59
4267,14,92,20
4268,26,68,65
4269,19,0,42
4270,14,45,82
4271,74,24,0
4272,27,37,5
4273,14,55,33
4274,1,6,26
4275,16,99,51
4276,56,29,79
4277,6,93,47
4278,58,50,77
4279,34,41,3
4280,94,61,25
4281,39,24,1
4282,34,66,29
4283,48,54,25
4284,64,47,41
4285,65,3,20
4286,92,0,26
4287,30,74,79
4288,74,35,54
4289,63,54,82
4290,49,1,57
4291,82,42,61
4292,82,27,91
4293,72,88,26
4294,68,60,97
4295,4,31,41
4296,16,55,29
4297,80,13,26
4298,92,80,28
4299,99,14,70
4300,9,34,45
4301,23,80,31
4302,18,97,31
4303,65,32,66
4304,33,70,52
4305,49,88,95
4306,13,78,53
4307,32,0,4
4308,21,93,3
4309,36,71,46
4310,20,63,52
4311,75,20,76
4312,21,75,15
4313,48,96,36
4314,94,60,19
4315,17,29,93
4316,78,14,37
4317,41,93,46
4318,52,19,42
4319,52,36,26
4320,19,20,44
4321,62,75,90
4322,26,58,16
4323,5,78,75
4324,41,79,75
4325,36,59,85
4326,47,83,72
4327,13,48,2
4328,66,25,27
4329,63,33,76
4330,81,80,56
4331,41,39,72
4332,44,3,85
4333,17,28,90
4334,67,65,24
4335,26,57,9
4336,74,44,98
4337,58,96,9
4338,56,55,7
4339,69,24,15
4340,4,74,58
4341,70,77,75
4342,45,0,66
4343,32,60,7
4344,54,50,89
4345,95,7,51
4346,33,14,71
4347,13,53,27
4348,75,94,47
4349,54,27,74
4350,92,37,11
4351,44,87,5
4352,66,12,64
4353,85,33,12
4354,59,60,22
4355,31,91,63
4356,40,12,40
4357,64,0,11
4358,54,38,28
4359,27,51,76
4360,26,1,31
4361,49,56,31
4362,88,48,77
4363,42,77,59
4364,67,58,91
4365,80,27,95
4366,97,99,6
4367,33,49,46
4368,85,84,67
4369,83,13,18
4370,53,8,85
4371,98,39,99
4372,81,5,86
4373,14,13,21
4374,70,85,17
4375,32,7,39
4376,75,59,70
4377,73,56,64
4378,49,56,32
4379,94,73,86
4380,10,92,31
4381,79,5,87
4382,19,37,28
4383,30,66,41
4384,9,21,79
4385,33,28,44
4386,33,34,72
4387,57,71,82
4388,1,57,83
4389,46,79,58
4390,54,98,28
4391,45,44,84
4392,91,0,29
4393,47,46,91
4394,19,21,47
4395,72,21,90
4396,89,73,0
4397,81,5,84
4398,5,75,59
4399,71,78,76
4400,48,13,23
4401,75,6,5
4402,7,23,92
4403,91,80,29
4404,3,31,47
4405,42,67,13
4406,63,79,3
4407,80,90,12
4408,90,17,12
4409,11,18,60
4410,47,55,34
4411,5,22,98
4412,23,21,39
4413,29,32,72
4414,67,16,82
4415,60,57,4
4416,48,32,13
4417,71,15,63
4418,72,72,45
4419,10,13,34
4420,35,73,59
4421,78,12,29
4422,8,53,41
4423,46,7,0
4424,77,86,99
4425,37,89,33
4426,1,7,31
4427,37,90,39
4428,25,8,67
4429,12,58,57
4430,10,81,75
4431,30,28,51
4432,69,92,53
4433,92,0,25
4434,24,46,58
4435,52,86,74
4436,15,54,23
4437,54,3,51
4438,47,82,72
4439,13,50,9
4440,98,65,29
4441,53,77,26
4442,1,27,31
4443,76,89,16
4444,14,21,63
4445,53,75,17
4446,59,46,53
4447,30,89,55
4448,11,90,16
4449,11,7,4
4450,0,88,42
4451,45,0,67
4452,34,71,53
4453,52,2,54
4454,65,62,15
4455,89,0,35
4456,74,65,5
4457,31,42,14
4458,46,87,1
4459,41,4,98
4460,77,94,36
4461,2,2,3
4462,11,45,94
4463,36,99,86
4464,33,9,45
4465,98,57,90
4466,82,39,49
4467,31,5,35
4468,61,98,11
4469,59,61,31
4470,73,71,36
4471,69,35,70
4472,43,8,13
4473,38,53,51
4474,99,39,1
4475,87,32,2
4476,13,61,66
4477,45,30,14
4478,80,61,63
4479,35,86,27
4480,77,4,89
4481,32,96,82
4482,22,65,61
4483,8,58,69
4484,69,40,95
4485,55,88,77
4486,19,67,79
4487,94,32,81
4488,6,91,35
4489,3,12,51
4490,19,42,54
4491,43,57,53
4492,96,22,24
4493,51,86,77
4494,26,0,23
4495,14,4,78
4496,76,50,21
4497,53,6,72
4498,39,83,97
4499,35,84,17
4500,31,8,45
4501,2,74,67
4502,14,69,3
4503,8,31,33
4504,71,56,67
4505,70,47,29
4506,1,18,89
4507,90,84,51
4508,3,61,99
4509,10,55,43
4510,54,40,40
4511,78,71,22
4512,98,26,35
4513,96,76,95
4514,44,39,61
4515,89,62,42
4516,26,4,42
4517,0,74,71
4518,32,49,47
4519,90,11,83
4520,84,71,4
4521,6,19,79
4522,39,59,77
4523,7,5,3
4524,4,10,40
4525,70,29,36
4526,93,57,9
4527,71,31,40
4528,10,30,21
4529,16,17,37
4530,35,64,17
4531,92,11,79
4532,64,83,23
4533,66,62,12
4534,73,30,34
4535,78,91,20
4536,30,87,48
4537,77,41,74
4538,49,25,78
4539,15,44,72
4540,28,27,51
4541,74,17,66
4542,77,87,7
4543,74,49,23
4544,69,78,81
4545,73,21,86
4546,68,81,3
4547,74,62,85
4548,43,57,59
4549,23,41,33
4550,46,29,7
4551,51,32,8
4552,47,9,6
4553,4,2,99
4554,91,57,13
4555,96,39,8
4556,25,2,37
4557,76,70,23
4558,5,58,74
4559,97,63,24
4560,32,90,53
4561,95,19,8
4562,84,96,30
4563,60,12,82
4564,72,17,69
4565,93,59,18
4566,14,17,44
4567,68,8,35
4568,55,69,80
4569,94,32,77
4570,92,27,58
4571,13,89,6
4572,64,5,30
4573,38,0,85
4574,25,73,90
4575,30,80,10
4576,11,24,88
4577,70,84,12
4578,7,0,81
4579,4,80,86
4580,89,90,84
4581,48,90,6
4582,62,93,78
4583,10,19,66
4584,73,67,16
4585,79,47,99
4586,54,75,12
4587,35,41,99
4588,73,69,28
4589,31,73,73
4590,44,3,82
4591,3,70,39
4592,89,26,64
4593,45,31,20
4594,8,81,80
4595,57,49,71
4596,8,29,22
4597,21,43,50
4598,23,65,56
4599,85,56,29
4600,75,91,30
4601,78,99,62
4602,13,78,53
4603,29,90,60
4604,33,85,26
4605,78,10,19
4606,65,70,53
4607,57,28,67
4608,54,67,76
4609,80,70,10
4610,39,69,27
4611,29,65,36
4612,87,27,77
4613,1,78,86
4614,97,26,40
4615,22,90,86
4616,62,50,65
4617,75,83,89
4618,98,22,15
4619,11,11,23
4620,81,35,34
4621,66,29,47
4622,49,6,81
4623,88,99,32
4624,64,24,29
4625,71,72,45
4626,9,11,31
4627,19,3,58
4628,84,46,79
4629,57,47,66
4630,88,43,54
4631,39,35,56
4632,76,13,38
4633,51,43,62
4634,83,27,88
4635,61,40,19
4636,73,10,31
4637,24,29,73
4638,79,76,43
4639,89,14,4
4640,80,89,6
4641,61,87,54
4642,8,78,69
4643,12,52,23
4644,59,29,68
4645,51,55,21
4646,41,44,97
4647,51,67,82
4648,10,3,88
4649,31,89,55
4650,8,75,53
4651,40,40,83
4652,93,15,0
4653,53,67,76
4654,78,66,94
4655,71,76,65
4656,0,3,15
4657,68,96,75
4658,89,22,42
4659,44,96,47
4660,49,5,76
4661,65,97,91
4662,65,52,67
4663,78,89,12
4664,94,34,88
4665,41,38,71
4666,38,79,83
4667,79,45,89
4668,9,79,69
4669,8,34,44
4670,22,76,17
4671,56,29,76
4672,95,47,50
4673,8,94,44
4674,41,72,37
4675,71,43,3
4676,89,33,1
4677,6,26,15
4678,96,36,93
4679,55,98,26
4680,36,4,13
4681,50,15,24
4682,77,11,24
4683,87,64,58
4684,99,22,14
4685,4,77,76
4686,49,17,37
4687,35,63,14
4688,78,49,14
4689,22,68,75
4690,71,29,32
4691,77,87,4
4692,61,93,83
4693,37,37,74
4694,59,75,97
4695,63,22,20
4696,38,29,33
4697,77,85,97
4698,31,64,28
4699,49,60,56
4700,98,21,15
4701,10,4,93
4702,54,89,87
4703,65,65,32
4704,65,30,57
4705,95,2,26
4706,25,48,64
4707,75,86,6
4708,71,40,87
4709,13,7,95
4710,53,83,56
4711,30,82,21
4712,62,46,44
4713,82,78,44
4714,87,2,50
4715,44,73,32
4716,41,9,22
4717,83,50,0
4718,50,53,16
4719,22,59,33
4720,86,32,4
4721,24,8,67
4722,11,57,51
4723,83,65,77
4724,89,14,4
4725,79,82,73
4726,21,88,75
4727,14,43,75
4728,46,6,93
4729,49,64,72
4730,72,42,97
4731,57,97,16
4732,86,83,56
4733,33,98,90
4734,56,12,92
4735,23,40,33
4736,45,25,93
4737,90,72,91
4738,37,16,66
4739,83,19,46
4740,75,37,61
4741,93,83,38
4742,39,81,91
4743,10,77,56
4744,49,80,51
4745,17,33,12
4746,65,87,41
4747,45,0,68
4748,40,95,57
4749,99,23,21
4750,35,12,58
4751,54,96,17
4752,97,37,92
4753,51,81,50
4754,6,84,99
4755,46,33,29
4756,44,34,41
4757,2,86,24
4758,65,52,65
4759,71,59,84
4760,42,59,68
4761,65,20,5
4762,68,23,14
4763,1,65,22
4764,14,4,79
4765,82,74,24
4766,99,23,17
4767,19,45,66
4768,98,92,66
4769,53,71,94
4770,57,5,52
4771,49,86,85
4772,68,84,18
4773,38,36,68
4774,32,56,84
4775,52,9,90
4776,23,45,57
4777,51,82,61
4778,57,2,40
4779,96,58,5
4780,50,34,21
4781,5,60,87
4782,56,19,28
4783,82,27,88
4784,63,48,53
4785,23,56,13
4786,97,45,33
4787,32,64,21
4788,14,9,4
4789,91,46,57
4790,48,69,0
4791,95,75,89
4792,22,42,44
4793,95,45,38
4794,57,72,88
4795,24,56,8
4796,74,46,8
4797,5,99,81
4798,8,99,69
4799,51,50,95
4800,24,38,19
4801,79,41,68
4802,18,86,78
4803,32,26,37
4804,4,12,48
4805,6,84,5
4806,71,40,87
4807,18,26,80
4808,21,65,61
4809,14,85,83
4810,63,66,39
4811,0,84,21
4812,51,94,17
4813,5,72,47
4814,20,60,40
4815,20,80,41
4816,67,10,49
4817,18,44,66
4818,98,94,75
4819,94,45,45
4820,88,6,67
4821,16,80,54
4822,29,85,39
4823,42,90,27
4824,64,41,15
4825,50,6,81
4826,87,94,7
4827,56,58,24
4828,45,55,39
4829,31,37,95
4830,65,41,10
4831,26,1,26
4832,27,58,12
4833,85,90,97
4834,14,80,60
4835,60,19,17
4836,30,96,93
4837,76,2,84
4838,14,16,41
4839,55,56,12
4840,93,32,81
4841,9,4,92
4842,47,62,67
4843,51,56,25
4844,58,15,3
4845,68,33,61
4846,6,49,26
4847,82,34,23
4848,14,3,73
4849,55,56,18
4850,20,49,85
4851,80,45,83
4852,83,64,73
4853,71,40,86
4854,10,93,36
4855,2,3,8
4856,30,30,58
4857,0,27,35
4858,97,79,6
4859,95,54,88
4860,77,21,75
4861,12,36,43
4862,10,18,64
4863,66,38,92
4864,45,51,21
4865,50,90,2
4866,37,82,0
4867,55,72,99
4868,79,97,49
4869,53,19,37
4870,27,28,56
4871,98,23,22
4872,43,48,11
4873,10,19,65
4874,67,43,12
4875,31,19,5
4876,70,32,51
4877,61,50,70
4878,1,93,65
4879,44,28,8
4880,56,58,22
4881,37,21,92
4882,99,19,0
4883,40,4,0
4884,87,35,14
4885,68,96,78
4886,2,76,74
4887,43,93,38
4888,11,43,80
4889,74,30,29
4890,56,93,98
4891,9,53,36
4892,25,17,12
4893,8,6,4
4894,5,13,49
4895,7,88,19
4896,32,3,21
4897,96,19,5
4898,69,29,39
4899,9,27,12
4900,76,47,6
4901,89,27,69
4902,67,26,31
4903,75,84,97
4904,33,75,77
4905,58,62,34
4906,87,32,0
4907,6,29,28
4908,53,84,59
4909,43,41,77
4910,61,74,87
4911,14,11,12
4912,28,6,45
4913,6,96,63
4914,29,54,86
4915,69,84,17
4916,32,11,57
4917,54,99,35
4918,76,77,59
4919,64,43,24
4920,90,78,22
4921,75,11,31
4922,22,17,20
4923,48,82,68
4924,94,67,53
4925,63,56,92
4926,93,89,65
4927,59,1,27
4928,34,87,36
4929,21,94,11
4930,71,22,98
4931,24,26,59
4932,17,10,97
4933,58,97,11
4934,64,89,55
4935,5,64,3
4936,25,16,6
4937,81,87,95
4938,12,76,44
4939,93,35,94
4940,67,55,74
4941,6,7,18
4942,67,85,25
4943,69,71,47
4944,24,80,26
4945,92,82,35
4946,29,39,9
